show_id,date,artist_name,venue,city,state,country,tour_name,rating,reviews,venue_id,permalink,set_name,song_position,song_name,has_segue,segue_info
1738096515,2025-01-28,Phish,Moon Palace,"Cancun, Quintana Roo",,Mexico,Not Part of a Tour,,,1481,https://phish.net/setlists/phish-january-28-2025-moon-palace-cancun-quintana-roo-mexico.html,1,1,Jam,False,
1738096515,2025-01-28,Phish,Moon Palace,"Cancun, Quintana Roo",,Mexico,Not Part of a Tour,,,1481,https://phish.net/setlists/phish-january-28-2025-moon-palace-cancun-quintana-roo-mexico.html,1,2,My Soul,False,
1738096515,2025-01-28,Phish,Moon Palace,"Cancun, Quintana Roo",,Mexico,Not Part of a Tour,,,1481,https://phish.net/setlists/phish-january-28-2025-moon-palace-cancun-quintana-roo-mexico.html,1,3,Ocelot,False,
1738096515,2025-01-28,Phish,Moon Palace,"Cancun, Quintana Roo",,Mexico,Not Part of a Tour,,,1481,https://phish.net/setlists/phish-january-28-2025-moon-palace-cancun-quintana-roo-mexico.html,1,4,Jam,False,
1718730861,2025-01-29,Phish,Moon Palace,"Cancun, Quintana Roo",,Mexico,2025 Mexico,,,1481,https://phish.net/setlists/phish-january-29-2025-moon-palace-cancun-quintana-roo-mexico.html,1,1,Sand,False,
1718730861,2025-01-29,Phish,Moon Palace,"Cancun, Quintana Roo",,Mexico,2025 Mexico,,,1481,https://phish.net/setlists/phish-january-29-2025-moon-palace-cancun-quintana-roo-mexico.html,1,2,Theme From the Bottom,False,
1718730861,2025-01-29,Phish,Moon Palace,"Cancun, Quintana Roo",,Mexico,2025 Mexico,,,1481,https://phish.net/setlists/phish-january-29-2025-moon-palace-cancun-quintana-roo-mexico.html,1,3,Free,False,
1718730861,2025-01-29,Phish,Moon Palace,"Cancun, Quintana Roo",,Mexico,2025 Mexico,,,1481,https://phish.net/setlists/phish-january-29-2025-moon-palace-cancun-quintana-roo-mexico.html,1,4,Mull,False,
1718730861,2025-01-29,Phish,Moon Palace,"Cancun, Quintana Roo",,Mexico,2025 Mexico,,,1481,https://phish.net/setlists/phish-january-29-2025-moon-palace-cancun-quintana-roo-mexico.html,1,5,Kill Devil Falls,False,
1718730861,2025-01-29,Phish,Moon Palace,"Cancun, Quintana Roo",,Mexico,2025 Mexico,,,1481,https://phish.net/setlists/phish-january-29-2025-moon-palace-cancun-quintana-roo-mexico.html,1,6,Ghost,False,
1718730861,2025-01-29,Phish,Moon Palace,"Cancun, Quintana Roo",,Mexico,2025 Mexico,,,1481,https://phish.net/setlists/phish-january-29-2025-moon-palace-cancun-quintana-roo-mexico.html,1,7,Evolve,False,
1718730861,2025-01-29,Phish,Moon Palace,"Cancun, Quintana Roo",,Mexico,2025 Mexico,,,1481,https://phish.net/setlists/phish-january-29-2025-moon-palace-cancun-quintana-roo-mexico.html,1,8,Run Like an Antelope,False,
1718730861,2025-01-29,Phish,Moon Palace,"Cancun, Quintana Roo",,Mexico,2025 Mexico,,,1481,https://phish.net/setlists/phish-january-29-2025-moon-palace-cancun-quintana-roo-mexico.html,2,1,Set Your Soul Free,False,
1718730861,2025-01-29,Phish,Moon Palace,"Cancun, Quintana Roo",,Mexico,2025 Mexico,,,1481,https://phish.net/setlists/phish-january-29-2025-moon-palace-cancun-quintana-roo-mexico.html,2,2,Cities,False,
1718730861,2025-01-29,Phish,Moon Palace,"Cancun, Quintana Roo",,Mexico,2025 Mexico,,,1481,https://phish.net/setlists/phish-january-29-2025-moon-palace-cancun-quintana-roo-mexico.html,2,3,Light,False,
1718730861,2025-01-29,Phish,Moon Palace,"Cancun, Quintana Roo",,Mexico,2025 Mexico,,,1481,https://phish.net/setlists/phish-january-29-2025-moon-palace-cancun-quintana-roo-mexico.html,2,4,Mike's Song,False,
1718730861,2025-01-29,Phish,Moon Palace,"Cancun, Quintana Roo",,Mexico,2025 Mexico,,,1481,https://phish.net/setlists/phish-january-29-2025-moon-palace-cancun-quintana-roo-mexico.html,2,5,I Am Hydrogen,False,
1718730861,2025-01-29,Phish,Moon Palace,"Cancun, Quintana Roo",,Mexico,2025 Mexico,,,1481,https://phish.net/setlists/phish-january-29-2025-moon-palace-cancun-quintana-roo-mexico.html,2,6,Weekapaug Groove,False,
1718730861,2025-01-29,Phish,Moon Palace,"Cancun, Quintana Roo",,Mexico,2025 Mexico,,,1481,https://phish.net/setlists/phish-january-29-2025-moon-palace-cancun-quintana-roo-mexico.html,2,7,Twist,False,
1718730861,2025-01-29,Phish,Moon Palace,"Cancun, Quintana Roo",,Mexico,2025 Mexico,,,1481,https://phish.net/setlists/phish-january-29-2025-moon-palace-cancun-quintana-roo-mexico.html,2,8,Backwards Down the Number Line,False,
1718730861,2025-01-29,Phish,Moon Palace,"Cancun, Quintana Roo",,Mexico,2025 Mexico,,,1481,https://phish.net/setlists/phish-january-29-2025-moon-palace-cancun-quintana-roo-mexico.html,e,1,My Sweet One,False,
1718730861,2025-01-29,Phish,Moon Palace,"Cancun, Quintana Roo",,Mexico,2025 Mexico,,,1481,https://phish.net/setlists/phish-january-29-2025-moon-palace-cancun-quintana-roo-mexico.html,e,2,Carini,False,
1718730894,2025-01-30,Phish,Moon Palace,"Cancun, Quintana Roo",,Mexico,2025 Mexico,,,1481,https://phish.net/setlists/phish-january-30-2025-moon-palace-cancun-quintana-roo-mexico.html,1,1,Blaze On,False,
1718730894,2025-01-30,Phish,Moon Palace,"Cancun, Quintana Roo",,Mexico,2025 Mexico,,,1481,https://phish.net/setlists/phish-january-30-2025-moon-palace-cancun-quintana-roo-mexico.html,1,2,Plasma,False,
1718730894,2025-01-30,Phish,Moon Palace,"Cancun, Quintana Roo",,Mexico,2025 Mexico,,,1481,https://phish.net/setlists/phish-january-30-2025-moon-palace-cancun-quintana-roo-mexico.html,1,3,Halfway to the Moon,False,
1718730894,2025-01-30,Phish,Moon Palace,"Cancun, Quintana Roo",,Mexico,2025 Mexico,,,1481,https://phish.net/setlists/phish-january-30-2025-moon-palace-cancun-quintana-roo-mexico.html,1,4,46 Days,False,
1718730894,2025-01-30,Phish,Moon Palace,"Cancun, Quintana Roo",,Mexico,2025 Mexico,,,1481,https://phish.net/setlists/phish-january-30-2025-moon-palace-cancun-quintana-roo-mexico.html,1,5,Back on the Train,False,
1718730894,2025-01-30,Phish,Moon Palace,"Cancun, Quintana Roo",,Mexico,2025 Mexico,,,1481,https://phish.net/setlists/phish-january-30-2025-moon-palace-cancun-quintana-roo-mexico.html,1,6,Gumbo,False,
1718730894,2025-01-30,Phish,Moon Palace,"Cancun, Quintana Roo",,Mexico,2025 Mexico,,,1481,https://phish.net/setlists/phish-january-30-2025-moon-palace-cancun-quintana-roo-mexico.html,1,7,Funky Bitch,False,
1718730894,2025-01-30,Phish,Moon Palace,"Cancun, Quintana Roo",,Mexico,2025 Mexico,,,1481,https://phish.net/setlists/phish-january-30-2025-moon-palace-cancun-quintana-roo-mexico.html,1,8,Roggae,False,
1718730894,2025-01-30,Phish,Moon Palace,"Cancun, Quintana Roo",,Mexico,2025 Mexico,,,1481,https://phish.net/setlists/phish-january-30-2025-moon-palace-cancun-quintana-roo-mexico.html,1,9,Halley's Comet,False,
1718730894,2025-01-30,Phish,Moon Palace,"Cancun, Quintana Roo",,Mexico,2025 Mexico,,,1481,https://phish.net/setlists/phish-january-30-2025-moon-palace-cancun-quintana-roo-mexico.html,1,10,Runaway Jim,False,
1718730894,2025-01-30,Phish,Moon Palace,"Cancun, Quintana Roo",,Mexico,2025 Mexico,,,1481,https://phish.net/setlists/phish-january-30-2025-moon-palace-cancun-quintana-roo-mexico.html,1,11,Cavern,False,
1718730894,2025-01-30,Phish,Moon Palace,"Cancun, Quintana Roo",,Mexico,2025 Mexico,,,1481,https://phish.net/setlists/phish-january-30-2025-moon-palace-cancun-quintana-roo-mexico.html,2,1,Everything's Right,False,
1718730894,2025-01-30,Phish,Moon Palace,"Cancun, Quintana Roo",,Mexico,2025 Mexico,,,1481,https://phish.net/setlists/phish-january-30-2025-moon-palace-cancun-quintana-roo-mexico.html,2,2,No Men In No Man's Land,False,
1718730894,2025-01-30,Phish,Moon Palace,"Cancun, Quintana Roo",,Mexico,2025 Mexico,,,1481,https://phish.net/setlists/phish-january-30-2025-moon-palace-cancun-quintana-roo-mexico.html,2,3,Twenty Years Later,False,
1718730894,2025-01-30,Phish,Moon Palace,"Cancun, Quintana Roo",,Mexico,2025 Mexico,,,1481,https://phish.net/setlists/phish-january-30-2025-moon-palace-cancun-quintana-roo-mexico.html,2,4,Piper,False,
1718730894,2025-01-30,Phish,Moon Palace,"Cancun, Quintana Roo",,Mexico,2025 Mexico,,,1481,https://phish.net/setlists/phish-january-30-2025-moon-palace-cancun-quintana-roo-mexico.html,2,5,Taste,False,
1718730894,2025-01-30,Phish,Moon Palace,"Cancun, Quintana Roo",,Mexico,2025 Mexico,,,1481,https://phish.net/setlists/phish-january-30-2025-moon-palace-cancun-quintana-roo-mexico.html,2,6,Shade,False,
1718730894,2025-01-30,Phish,Moon Palace,"Cancun, Quintana Roo",,Mexico,2025 Mexico,,,1481,https://phish.net/setlists/phish-january-30-2025-moon-palace-cancun-quintana-roo-mexico.html,2,7,The Wedge,False,
1718730894,2025-01-30,Phish,Moon Palace,"Cancun, Quintana Roo",,Mexico,2025 Mexico,,,1481,https://phish.net/setlists/phish-january-30-2025-moon-palace-cancun-quintana-roo-mexico.html,2,8,Character Zero,False,
1718730894,2025-01-30,Phish,Moon Palace,"Cancun, Quintana Roo",,Mexico,2025 Mexico,,,1481,https://phish.net/setlists/phish-january-30-2025-moon-palace-cancun-quintana-roo-mexico.html,e,1,Harry Hood,False,
1718730936,2025-01-31,Phish,Moon Palace,"Cancun, Quintana Roo",,Mexico,2025 Mexico,,,1481,https://phish.net/setlists/phish-january-31-2025-moon-palace-cancun-quintana-roo-mexico.html,1,1,Cars Trucks Buses,False,
1718730936,2025-01-31,Phish,Moon Palace,"Cancun, Quintana Roo",,Mexico,2025 Mexico,,,1481,https://phish.net/setlists/phish-january-31-2025-moon-palace-cancun-quintana-roo-mexico.html,1,2,The Moma Dance,False,
1718730936,2025-01-31,Phish,Moon Palace,"Cancun, Quintana Roo",,Mexico,2025 Mexico,,,1481,https://phish.net/setlists/phish-january-31-2025-moon-palace-cancun-quintana-roo-mexico.html,1,3,Sigma Oasis,False,
1718730936,2025-01-31,Phish,Moon Palace,"Cancun, Quintana Roo",,Mexico,2025 Mexico,,,1481,https://phish.net/setlists/phish-january-31-2025-moon-palace-cancun-quintana-roo-mexico.html,1,4,Tube,False,
1718730936,2025-01-31,Phish,Moon Palace,"Cancun, Quintana Roo",,Mexico,2025 Mexico,,,1481,https://phish.net/setlists/phish-january-31-2025-moon-palace-cancun-quintana-roo-mexico.html,1,5,Wolfman's Brother,False,
1718730936,2025-01-31,Phish,Moon Palace,"Cancun, Quintana Roo",,Mexico,2025 Mexico,,,1481,https://phish.net/setlists/phish-january-31-2025-moon-palace-cancun-quintana-roo-mexico.html,1,6,Maze,False,
1718730936,2025-01-31,Phish,Moon Palace,"Cancun, Quintana Roo",,Mexico,2025 Mexico,,,1481,https://phish.net/setlists/phish-january-31-2025-moon-palace-cancun-quintana-roo-mexico.html,1,7,Lonely Trip,False,
1718730936,2025-01-31,Phish,Moon Palace,"Cancun, Quintana Roo",,Mexico,2025 Mexico,,,1481,https://phish.net/setlists/phish-january-31-2025-moon-palace-cancun-quintana-roo-mexico.html,1,8,Possum,False,
1718730936,2025-01-31,Phish,Moon Palace,"Cancun, Quintana Roo",,Mexico,2025 Mexico,,,1481,https://phish.net/setlists/phish-january-31-2025-moon-palace-cancun-quintana-roo-mexico.html,2,1,Oblivion,False,
1718730936,2025-01-31,Phish,Moon Palace,"Cancun, Quintana Roo",,Mexico,2025 Mexico,,,1481,https://phish.net/setlists/phish-january-31-2025-moon-palace-cancun-quintana-roo-mexico.html,2,2,Sightless Escape,False,
1718730936,2025-01-31,Phish,Moon Palace,"Cancun, Quintana Roo",,Mexico,2025 Mexico,,,1481,https://phish.net/setlists/phish-january-31-2025-moon-palace-cancun-quintana-roo-mexico.html,2,3,Prince Caspian,False,
1718730936,2025-01-31,Phish,Moon Palace,"Cancun, Quintana Roo",,Mexico,2025 Mexico,,,1481,https://phish.net/setlists/phish-january-31-2025-moon-palace-cancun-quintana-roo-mexico.html,2,4,Fuego,False,
1718730936,2025-01-31,Phish,Moon Palace,"Cancun, Quintana Roo",,Mexico,2025 Mexico,,,1481,https://phish.net/setlists/phish-january-31-2025-moon-palace-cancun-quintana-roo-mexico.html,2,5,Beneath a Sea of Stars Part 1,False,
1718730936,2025-01-31,Phish,Moon Palace,"Cancun, Quintana Roo",,Mexico,2025 Mexico,,,1481,https://phish.net/setlists/phish-january-31-2025-moon-palace-cancun-quintana-roo-mexico.html,2,6,Chalk Dust Torture,False,
1718730936,2025-01-31,Phish,Moon Palace,"Cancun, Quintana Roo",,Mexico,2025 Mexico,,,1481,https://phish.net/setlists/phish-january-31-2025-moon-palace-cancun-quintana-roo-mexico.html,2,7,Most Events Aren't Planned,False,
1718730936,2025-01-31,Phish,Moon Palace,"Cancun, Quintana Roo",,Mexico,2025 Mexico,,,1481,https://phish.net/setlists/phish-january-31-2025-moon-palace-cancun-quintana-roo-mexico.html,e,1,Saw It Again,False,
1718730936,2025-01-31,Phish,Moon Palace,"Cancun, Quintana Roo",,Mexico,2025 Mexico,,,1481,https://phish.net/setlists/phish-january-31-2025-moon-palace-cancun-quintana-roo-mexico.html,e,2,Say It To Me S.A.N.T.O.S.,False,
1718730981,2025-02-01,Phish,Moon Palace,"Cancun, Quintana Roo",,Mexico,2025 Mexico,,,1481,https://phish.net/setlists/phish-february-01-2025-moon-palace-cancun-quintana-roo-mexico.html,1,1,Bathtub Gin,False,
1718730981,2025-02-01,Phish,Moon Palace,"Cancun, Quintana Roo",,Mexico,2025 Mexico,,,1481,https://phish.net/setlists/phish-february-01-2025-moon-palace-cancun-quintana-roo-mexico.html,1,2,Soul Shakedown Party,False,
1718730981,2025-02-01,Phish,Moon Palace,"Cancun, Quintana Roo",,Mexico,2025 Mexico,,,1481,https://phish.net/setlists/phish-february-01-2025-moon-palace-cancun-quintana-roo-mexico.html,1,3,Martian Monster,False,
1718730981,2025-02-01,Phish,Moon Palace,"Cancun, Quintana Roo",,Mexico,2025 Mexico,,,1481,https://phish.net/setlists/phish-february-01-2025-moon-palace-cancun-quintana-roo-mexico.html,1,4,Stash,False,
1718730981,2025-02-01,Phish,Moon Palace,"Cancun, Quintana Roo",,Mexico,2025 Mexico,,,1481,https://phish.net/setlists/phish-february-01-2025-moon-palace-cancun-quintana-roo-mexico.html,1,5,Farmhouse,False,
1718730981,2025-02-01,Phish,Moon Palace,"Cancun, Quintana Roo",,Mexico,2025 Mexico,,,1481,https://phish.net/setlists/phish-february-01-2025-moon-palace-cancun-quintana-roo-mexico.html,1,6,Reba,False,
1718730981,2025-02-01,Phish,Moon Palace,"Cancun, Quintana Roo",,Mexico,2025 Mexico,,,1481,https://phish.net/setlists/phish-february-01-2025-moon-palace-cancun-quintana-roo-mexico.html,1,7,Golden Age,False,
1718730981,2025-02-01,Phish,Moon Palace,"Cancun, Quintana Roo",,Mexico,2025 Mexico,,,1481,https://phish.net/setlists/phish-february-01-2025-moon-palace-cancun-quintana-roo-mexico.html,1,8,My Friend,False,
1718730981,2025-02-01,Phish,Moon Palace,"Cancun, Quintana Roo",,Mexico,2025 Mexico,,,1481,https://phish.net/setlists/phish-february-01-2025-moon-palace-cancun-quintana-roo-mexico.html,1,9,My Friend,False,
1718730981,2025-02-01,Phish,Moon Palace,"Cancun, Quintana Roo",,Mexico,2025 Mexico,,,1481,https://phish.net/setlists/phish-february-01-2025-moon-palace-cancun-quintana-roo-mexico.html,2,1,What's Going Through Your Mind,False,
1718730981,2025-02-01,Phish,Moon Palace,"Cancun, Quintana Roo",,Mexico,2025 Mexico,,,1481,https://phish.net/setlists/phish-february-01-2025-moon-palace-cancun-quintana-roo-mexico.html,2,2,Crosseyed and Painless,False,
1718730981,2025-02-01,Phish,Moon Palace,"Cancun, Quintana Roo",,Mexico,2025 Mexico,,,1481,https://phish.net/setlists/phish-february-01-2025-moon-palace-cancun-quintana-roo-mexico.html,2,3,Tweezer,False,
1718730981,2025-02-01,Phish,Moon Palace,"Cancun, Quintana Roo",,Mexico,2025 Mexico,,,1481,https://phish.net/setlists/phish-february-01-2025-moon-palace-cancun-quintana-roo-mexico.html,2,4,Mercy,False,
1718730981,2025-02-01,Phish,Moon Palace,"Cancun, Quintana Roo",,Mexico,2025 Mexico,,,1481,https://phish.net/setlists/phish-february-01-2025-moon-palace-cancun-quintana-roo-mexico.html,2,5,Also Sprach Zarathustra,False,
1718730981,2025-02-01,Phish,Moon Palace,"Cancun, Quintana Roo",,Mexico,2025 Mexico,,,1481,https://phish.net/setlists/phish-february-01-2025-moon-palace-cancun-quintana-roo-mexico.html,2,6,More,False,
1718730981,2025-02-01,Phish,Moon Palace,"Cancun, Quintana Roo",,Mexico,2025 Mexico,,,1481,https://phish.net/setlists/phish-february-01-2025-moon-palace-cancun-quintana-roo-mexico.html,e,1,A Life Beyond The Dream,False,
1718730981,2025-02-01,Phish,Moon Palace,"Cancun, Quintana Roo",,Mexico,2025 Mexico,,,1481,https://phish.net/setlists/phish-february-01-2025-moon-palace-cancun-quintana-roo-mexico.html,e,2,First Tube,False,
1718730981,2025-02-01,Phish,Moon Palace,"Cancun, Quintana Roo",,Mexico,2025 Mexico,,,1481,https://phish.net/setlists/phish-february-01-2025-moon-palace-cancun-quintana-roo-mexico.html,e,3,Tweezer Reprise,False,
1737486654,2025-04-18,Phish,Climate Pledge Arena,Seattle,WA,USA,2025 Spring Tour,,,1570,https://phish.net/setlists/phish-april-18-2025-climate-pledge-arena-seattle-wa-usa.html,1,1,Sand,False,
1737486654,2025-04-18,Phish,Climate Pledge Arena,Seattle,WA,USA,2025 Spring Tour,,,1570,https://phish.net/setlists/phish-april-18-2025-climate-pledge-arena-seattle-wa-usa.html,1,2,Kill Devil Falls,False,
1737486654,2025-04-18,Phish,Climate Pledge Arena,Seattle,WA,USA,2025 Spring Tour,,,1570,https://phish.net/setlists/phish-april-18-2025-climate-pledge-arena-seattle-wa-usa.html,1,3,Theme From the Bottom,False,
1737486654,2025-04-18,Phish,Climate Pledge Arena,Seattle,WA,USA,2025 Spring Tour,,,1570,https://phish.net/setlists/phish-april-18-2025-climate-pledge-arena-seattle-wa-usa.html,1,4,Back on the Train,False,
1737486654,2025-04-18,Phish,Climate Pledge Arena,Seattle,WA,USA,2025 Spring Tour,,,1570,https://phish.net/setlists/phish-april-18-2025-climate-pledge-arena-seattle-wa-usa.html,1,5,If I Could,False,
1737486654,2025-04-18,Phish,Climate Pledge Arena,Seattle,WA,USA,2025 Spring Tour,,,1570,https://phish.net/setlists/phish-april-18-2025-climate-pledge-arena-seattle-wa-usa.html,1,6,Tube,False,
1737486654,2025-04-18,Phish,Climate Pledge Arena,Seattle,WA,USA,2025 Spring Tour,,,1570,https://phish.net/setlists/phish-april-18-2025-climate-pledge-arena-seattle-wa-usa.html,1,7,Mull,False,
1737486654,2025-04-18,Phish,Climate Pledge Arena,Seattle,WA,USA,2025 Spring Tour,,,1570,https://phish.net/setlists/phish-april-18-2025-climate-pledge-arena-seattle-wa-usa.html,1,8,Wolfman's Brother,False,
1737486654,2025-04-18,Phish,Climate Pledge Arena,Seattle,WA,USA,2025 Spring Tour,,,1570,https://phish.net/setlists/phish-april-18-2025-climate-pledge-arena-seattle-wa-usa.html,2,1,Blaze On,False,
1737486654,2025-04-18,Phish,Climate Pledge Arena,Seattle,WA,USA,2025 Spring Tour,,,1570,https://phish.net/setlists/phish-april-18-2025-climate-pledge-arena-seattle-wa-usa.html,2,2,Golden Age,False,
1737486654,2025-04-18,Phish,Climate Pledge Arena,Seattle,WA,USA,2025 Spring Tour,,,1570,https://phish.net/setlists/phish-april-18-2025-climate-pledge-arena-seattle-wa-usa.html,2,3,What's Going Through Your Mind,False,
1737486654,2025-04-18,Phish,Climate Pledge Arena,Seattle,WA,USA,2025 Spring Tour,,,1570,https://phish.net/setlists/phish-april-18-2025-climate-pledge-arena-seattle-wa-usa.html,2,4,I Always Wanted It This Way,False,
1737486654,2025-04-18,Phish,Climate Pledge Arena,Seattle,WA,USA,2025 Spring Tour,,,1570,https://phish.net/setlists/phish-april-18-2025-climate-pledge-arena-seattle-wa-usa.html,2,5,Ghost,False,
1737486654,2025-04-18,Phish,Climate Pledge Arena,Seattle,WA,USA,2025 Spring Tour,,,1570,https://phish.net/setlists/phish-april-18-2025-climate-pledge-arena-seattle-wa-usa.html,e,1,Bug,False,
1737486654,2025-04-18,Phish,Climate Pledge Arena,Seattle,WA,USA,2025 Spring Tour,,,1570,https://phish.net/setlists/phish-april-18-2025-climate-pledge-arena-seattle-wa-usa.html,e,2,Possum,False,
1737486683,2025-04-19,Phish,Climate Pledge Arena,Seattle,WA,USA,2025 Spring Tour,,,1570,https://phish.net/setlists/phish-april-19-2025-climate-pledge-arena-seattle-wa-usa.html,1,1,Free,False,
1737486683,2025-04-19,Phish,Climate Pledge Arena,Seattle,WA,USA,2025 Spring Tour,,,1570,https://phish.net/setlists/phish-april-19-2025-climate-pledge-arena-seattle-wa-usa.html,1,2,Bathtub Gin,False,
1737486683,2025-04-19,Phish,Climate Pledge Arena,Seattle,WA,USA,2025 Spring Tour,,,1570,https://phish.net/setlists/phish-april-19-2025-climate-pledge-arena-seattle-wa-usa.html,1,3,Evolve,False,
1737486683,2025-04-19,Phish,Climate Pledge Arena,Seattle,WA,USA,2025 Spring Tour,,,1570,https://phish.net/setlists/phish-april-19-2025-climate-pledge-arena-seattle-wa-usa.html,1,4,Stash,False,
1737486683,2025-04-19,Phish,Climate Pledge Arena,Seattle,WA,USA,2025 Spring Tour,,,1570,https://phish.net/setlists/phish-april-19-2025-climate-pledge-arena-seattle-wa-usa.html,1,5,Pebbles and Marbles,False,
1737486683,2025-04-19,Phish,Climate Pledge Arena,Seattle,WA,USA,2025 Spring Tour,,,1570,https://phish.net/setlists/phish-april-19-2025-climate-pledge-arena-seattle-wa-usa.html,1,6,Farmhouse,False,
1737486683,2025-04-19,Phish,Climate Pledge Arena,Seattle,WA,USA,2025 Spring Tour,,,1570,https://phish.net/setlists/phish-april-19-2025-climate-pledge-arena-seattle-wa-usa.html,1,7,Suzy Greenberg,False,
1737486683,2025-04-19,Phish,Climate Pledge Arena,Seattle,WA,USA,2025 Spring Tour,,,1570,https://phish.net/setlists/phish-april-19-2025-climate-pledge-arena-seattle-wa-usa.html,1,8,Walls of the Cave,False,
1737486683,2025-04-19,Phish,Climate Pledge Arena,Seattle,WA,USA,2025 Spring Tour,,,1570,https://phish.net/setlists/phish-april-19-2025-climate-pledge-arena-seattle-wa-usa.html,2,1,Chalk Dust Torture,False,
1737486683,2025-04-19,Phish,Climate Pledge Arena,Seattle,WA,USA,2025 Spring Tour,,,1570,https://phish.net/setlists/phish-april-19-2025-climate-pledge-arena-seattle-wa-usa.html,2,2,Light,False,
1737486683,2025-04-19,Phish,Climate Pledge Arena,Seattle,WA,USA,2025 Spring Tour,,,1570,https://phish.net/setlists/phish-april-19-2025-climate-pledge-arena-seattle-wa-usa.html,2,3,Chalk Dust Torture,False,
1737486683,2025-04-19,Phish,Climate Pledge Arena,Seattle,WA,USA,2025 Spring Tour,,,1570,https://phish.net/setlists/phish-april-19-2025-climate-pledge-arena-seattle-wa-usa.html,2,4,Fuego,False,
1737486683,2025-04-19,Phish,Climate Pledge Arena,Seattle,WA,USA,2025 Spring Tour,,,1570,https://phish.net/setlists/phish-april-19-2025-climate-pledge-arena-seattle-wa-usa.html,2,5,Monsters,False,
1737486683,2025-04-19,Phish,Climate Pledge Arena,Seattle,WA,USA,2025 Spring Tour,,,1570,https://phish.net/setlists/phish-april-19-2025-climate-pledge-arena-seattle-wa-usa.html,2,6,Piper,False,
1737486683,2025-04-19,Phish,Climate Pledge Arena,Seattle,WA,USA,2025 Spring Tour,,,1570,https://phish.net/setlists/phish-april-19-2025-climate-pledge-arena-seattle-wa-usa.html,2,7,Backwards Down the Number Line,False,
1737486683,2025-04-19,Phish,Climate Pledge Arena,Seattle,WA,USA,2025 Spring Tour,,,1570,https://phish.net/setlists/phish-april-19-2025-climate-pledge-arena-seattle-wa-usa.html,e,1,Sleeping Monkey,False,
1737486683,2025-04-19,Phish,Climate Pledge Arena,Seattle,WA,USA,2025 Spring Tour,,,1570,https://phish.net/setlists/phish-april-19-2025-climate-pledge-arena-seattle-wa-usa.html,e,2,My Friend,False,
1737486683,2025-04-19,Phish,Climate Pledge Arena,Seattle,WA,USA,2025 Spring Tour,,,1570,https://phish.net/setlists/phish-april-19-2025-climate-pledge-arena-seattle-wa-usa.html,e,3,My Friend,False,
1737486760,2025-04-20,Phish,Moda Center,Portland,OR,USA,2025 Spring Tour,,,1645,https://phish.net/setlists/phish-april-20-2025-moda-center-portland-or-usa.html,1,1,46 Days,False,
1737486760,2025-04-20,Phish,Moda Center,Portland,OR,USA,2025 Spring Tour,,,1645,https://phish.net/setlists/phish-april-20-2025-moda-center-portland-or-usa.html,1,2,The Moma Dance,False,
1737486760,2025-04-20,Phish,Moda Center,Portland,OR,USA,2025 Spring Tour,,,1645,https://phish.net/setlists/phish-april-20-2025-moda-center-portland-or-usa.html,1,3,Cities,False,
1737486760,2025-04-20,Phish,Moda Center,Portland,OR,USA,2025 Spring Tour,,,1645,https://phish.net/setlists/phish-april-20-2025-moda-center-portland-or-usa.html,1,4,Plasma,False,
1737486760,2025-04-20,Phish,Moda Center,Portland,OR,USA,2025 Spring Tour,,,1645,https://phish.net/setlists/phish-april-20-2025-moda-center-portland-or-usa.html,1,5,Bouncing Around the Room,False,
1737486760,2025-04-20,Phish,Moda Center,Portland,OR,USA,2025 Spring Tour,,,1645,https://phish.net/setlists/phish-april-20-2025-moda-center-portland-or-usa.html,1,6,Sigma Oasis,False,
1737486760,2025-04-20,Phish,Moda Center,Portland,OR,USA,2025 Spring Tour,,,1645,https://phish.net/setlists/phish-april-20-2025-moda-center-portland-or-usa.html,1,7,Run Like an Antelope,False,
1737486760,2025-04-20,Phish,Moda Center,Portland,OR,USA,2025 Spring Tour,,,1645,https://phish.net/setlists/phish-april-20-2025-moda-center-portland-or-usa.html,1,8,Say It To Me S.A.N.T.O.S.,False,
1737486760,2025-04-20,Phish,Moda Center,Portland,OR,USA,2025 Spring Tour,,,1645,https://phish.net/setlists/phish-april-20-2025-moda-center-portland-or-usa.html,2,1,A Wave of Hope,False,
1737486760,2025-04-20,Phish,Moda Center,Portland,OR,USA,2025 Spring Tour,,,1645,https://phish.net/setlists/phish-april-20-2025-moda-center-portland-or-usa.html,2,2,Twist,False,
1737486760,2025-04-20,Phish,Moda Center,Portland,OR,USA,2025 Spring Tour,,,1645,https://phish.net/setlists/phish-april-20-2025-moda-center-portland-or-usa.html,2,3,Scents and Subtle Sounds,False,
1737486760,2025-04-20,Phish,Moda Center,Portland,OR,USA,2025 Spring Tour,,,1645,https://phish.net/setlists/phish-april-20-2025-moda-center-portland-or-usa.html,2,4,Everything's Right,False,
1737486760,2025-04-20,Phish,Moda Center,Portland,OR,USA,2025 Spring Tour,,,1645,https://phish.net/setlists/phish-april-20-2025-moda-center-portland-or-usa.html,2,5,Boogie On Reggae Woman,False,
1737486760,2025-04-20,Phish,Moda Center,Portland,OR,USA,2025 Spring Tour,,,1645,https://phish.net/setlists/phish-april-20-2025-moda-center-portland-or-usa.html,2,6,Also Sprach Zarathustra,False,
1737486760,2025-04-20,Phish,Moda Center,Portland,OR,USA,2025 Spring Tour,,,1645,https://phish.net/setlists/phish-april-20-2025-moda-center-portland-or-usa.html,2,7,A Life Beyond The Dream,False,
1737486760,2025-04-20,Phish,Moda Center,Portland,OR,USA,2025 Spring Tour,,,1645,https://phish.net/setlists/phish-april-20-2025-moda-center-portland-or-usa.html,2,8,Harry Hood,False,
1737486760,2025-04-20,Phish,Moda Center,Portland,OR,USA,2025 Spring Tour,,,1645,https://phish.net/setlists/phish-april-20-2025-moda-center-portland-or-usa.html,e,1,Wilson,False,
1737486760,2025-04-20,Phish,Moda Center,Portland,OR,USA,2025 Spring Tour,,,1645,https://phish.net/setlists/phish-april-20-2025-moda-center-portland-or-usa.html,e,2,Slave to the Traffic Light,False,
1737486782,2025-04-22,Phish,Bill Graham Civic Auditorium,San Francisco,CA,USA,2025 Spring Tour,,,816,https://phish.net/setlists/phish-april-22-2025-bill-graham-civic-auditorium-san-francisco-ca-usa.html,1,1,Buried Alive,False,
1737486782,2025-04-22,Phish,Bill Graham Civic Auditorium,San Francisco,CA,USA,2025 Spring Tour,,,816,https://phish.net/setlists/phish-april-22-2025-bill-graham-civic-auditorium-san-francisco-ca-usa.html,1,2,Axilla (Part II),False,
1737486782,2025-04-22,Phish,Bill Graham Civic Auditorium,San Francisco,CA,USA,2025 Spring Tour,,,816,https://phish.net/setlists/phish-april-22-2025-bill-graham-civic-auditorium-san-francisco-ca-usa.html,1,3,Mike's Song,False,
1737486782,2025-04-22,Phish,Bill Graham Civic Auditorium,San Francisco,CA,USA,2025 Spring Tour,,,816,https://phish.net/setlists/phish-april-22-2025-bill-graham-civic-auditorium-san-francisco-ca-usa.html,1,4,I Am Hydrogen,False,
1737486782,2025-04-22,Phish,Bill Graham Civic Auditorium,San Francisco,CA,USA,2025 Spring Tour,,,816,https://phish.net/setlists/phish-april-22-2025-bill-graham-civic-auditorium-san-francisco-ca-usa.html,1,5,Weekapaug Groove,False,
1737486782,2025-04-22,Phish,Bill Graham Civic Auditorium,San Francisco,CA,USA,2025 Spring Tour,,,816,https://phish.net/setlists/phish-april-22-2025-bill-graham-civic-auditorium-san-francisco-ca-usa.html,1,6,My Soul,False,
1737486782,2025-04-22,Phish,Bill Graham Civic Auditorium,San Francisco,CA,USA,2025 Spring Tour,,,816,https://phish.net/setlists/phish-april-22-2025-bill-graham-civic-auditorium-san-francisco-ca-usa.html,1,7,Halley's Comet,False,
1737486782,2025-04-22,Phish,Bill Graham Civic Auditorium,San Francisco,CA,USA,2025 Spring Tour,,,816,https://phish.net/setlists/phish-april-22-2025-bill-graham-civic-auditorium-san-francisco-ca-usa.html,1,8,Roggae,False,
1737486782,2025-04-22,Phish,Bill Graham Civic Auditorium,San Francisco,CA,USA,2025 Spring Tour,,,816,https://phish.net/setlists/phish-april-22-2025-bill-graham-civic-auditorium-san-francisco-ca-usa.html,1,9,Maze,False,
1737486782,2025-04-22,Phish,Bill Graham Civic Auditorium,San Francisco,CA,USA,2025 Spring Tour,,,816,https://phish.net/setlists/phish-april-22-2025-bill-graham-civic-auditorium-san-francisco-ca-usa.html,1,10,Split Open and Melt,False,
1737486782,2025-04-22,Phish,Bill Graham Civic Auditorium,San Francisco,CA,USA,2025 Spring Tour,,,816,https://phish.net/setlists/phish-april-22-2025-bill-graham-civic-auditorium-san-francisco-ca-usa.html,2,1,Carini,False,
1737486782,2025-04-22,Phish,Bill Graham Civic Auditorium,San Francisco,CA,USA,2025 Spring Tour,,,816,https://phish.net/setlists/phish-april-22-2025-bill-graham-civic-auditorium-san-francisco-ca-usa.html,2,2,No Men In No Man's Land,False,
1737486782,2025-04-22,Phish,Bill Graham Civic Auditorium,San Francisco,CA,USA,2025 Spring Tour,,,816,https://phish.net/setlists/phish-april-22-2025-bill-graham-civic-auditorium-san-francisco-ca-usa.html,2,3,Ruby Waves,False,
1737486782,2025-04-22,Phish,Bill Graham Civic Auditorium,San Francisco,CA,USA,2025 Spring Tour,,,816,https://phish.net/setlists/phish-april-22-2025-bill-graham-civic-auditorium-san-francisco-ca-usa.html,2,4,Waste,False,
1737486782,2025-04-22,Phish,Bill Graham Civic Auditorium,San Francisco,CA,USA,2025 Spring Tour,,,816,https://phish.net/setlists/phish-april-22-2025-bill-graham-civic-auditorium-san-francisco-ca-usa.html,2,5,What's the Use?,False,
1737486782,2025-04-22,Phish,Bill Graham Civic Auditorium,San Francisco,CA,USA,2025 Spring Tour,,,816,https://phish.net/setlists/phish-april-22-2025-bill-graham-civic-auditorium-san-francisco-ca-usa.html,2,6,Down with Disease,False,
1737486782,2025-04-22,Phish,Bill Graham Civic Auditorium,San Francisco,CA,USA,2025 Spring Tour,,,816,https://phish.net/setlists/phish-april-22-2025-bill-graham-civic-auditorium-san-francisco-ca-usa.html,e,1,Fluffhead,False,
1737486800,2025-04-23,Phish,Bill Graham Civic Auditorium,San Francisco,CA,USA,2025 Spring Tour,,,816,https://phish.net/setlists/phish-april-23-2025-bill-graham-civic-auditorium-san-francisco-ca-usa.html,1,1,Simple,False,
1737486800,2025-04-23,Phish,Bill Graham Civic Auditorium,San Francisco,CA,USA,2025 Spring Tour,,,816,https://phish.net/setlists/phish-april-23-2025-bill-graham-civic-auditorium-san-francisco-ca-usa.html,1,2,Punch You in the Eye,False,
1737486800,2025-04-23,Phish,Bill Graham Civic Auditorium,San Francisco,CA,USA,2025 Spring Tour,,,816,https://phish.net/setlists/phish-april-23-2025-bill-graham-civic-auditorium-san-francisco-ca-usa.html,1,3,Gumbo,False,
1737486800,2025-04-23,Phish,Bill Graham Civic Auditorium,San Francisco,CA,USA,2025 Spring Tour,,,816,https://phish.net/setlists/phish-april-23-2025-bill-graham-civic-auditorium-san-francisco-ca-usa.html,1,4,Reba,False,
1737486800,2025-04-23,Phish,Bill Graham Civic Auditorium,San Francisco,CA,USA,2025 Spring Tour,,,816,https://phish.net/setlists/phish-april-23-2025-bill-graham-civic-auditorium-san-francisco-ca-usa.html,1,5,The Well,False,
1737486800,2025-04-23,Phish,Bill Graham Civic Auditorium,San Francisco,CA,USA,2025 Spring Tour,,,816,https://phish.net/setlists/phish-april-23-2025-bill-graham-civic-auditorium-san-francisco-ca-usa.html,1,6,David Bowie,False,
1737486800,2025-04-23,Phish,Bill Graham Civic Auditorium,San Francisco,CA,USA,2025 Spring Tour,,,816,https://phish.net/setlists/phish-april-23-2025-bill-graham-civic-auditorium-san-francisco-ca-usa.html,1,7,Character Zero,False,
1737486800,2025-04-23,Phish,Bill Graham Civic Auditorium,San Francisco,CA,USA,2025 Spring Tour,,,816,https://phish.net/setlists/phish-april-23-2025-bill-graham-civic-auditorium-san-francisco-ca-usa.html,2,1,Sample in a Jar,False,
1737486800,2025-04-23,Phish,Bill Graham Civic Auditorium,San Francisco,CA,USA,2025 Spring Tour,,,816,https://phish.net/setlists/phish-april-23-2025-bill-graham-civic-auditorium-san-francisco-ca-usa.html,2,2,Tweezer,False,
1737486800,2025-04-23,Phish,Bill Graham Civic Auditorium,San Francisco,CA,USA,2025 Spring Tour,,,816,https://phish.net/setlists/phish-april-23-2025-bill-graham-civic-auditorium-san-francisco-ca-usa.html,2,3,Lonely Trip,False,
1737486800,2025-04-23,Phish,Bill Graham Civic Auditorium,San Francisco,CA,USA,2025 Spring Tour,,,816,https://phish.net/setlists/phish-april-23-2025-bill-graham-civic-auditorium-san-francisco-ca-usa.html,2,4,Crosseyed and Painless,False,
1737486800,2025-04-23,Phish,Bill Graham Civic Auditorium,San Francisco,CA,USA,2025 Spring Tour,,,816,https://phish.net/setlists/phish-april-23-2025-bill-graham-civic-auditorium-san-francisco-ca-usa.html,2,5,Pillow Jets,False,
1737486800,2025-04-23,Phish,Bill Graham Civic Auditorium,San Francisco,CA,USA,2025 Spring Tour,,,816,https://phish.net/setlists/phish-april-23-2025-bill-graham-civic-auditorium-san-francisco-ca-usa.html,2,6,You Enjoy Myself,False,
1737486800,2025-04-23,Phish,Bill Graham Civic Auditorium,San Francisco,CA,USA,2025 Spring Tour,,,816,https://phish.net/setlists/phish-april-23-2025-bill-graham-civic-auditorium-san-francisco-ca-usa.html,e,1,Wading in the Velvet Sea,False,
1737486800,2025-04-23,Phish,Bill Graham Civic Auditorium,San Francisco,CA,USA,2025 Spring Tour,,,816,https://phish.net/setlists/phish-april-23-2025-bill-graham-civic-auditorium-san-francisco-ca-usa.html,e,2,First Tube,False,
1737486827,2025-04-25,Phish,Hollywood Bowl,Hollywood,CA,USA,2025 Spring Tour,,,959,https://phish.net/setlists/phish-april-25-2025-hollywood-bowl-hollywood-ca-usa.html,1,1,46 Days,False,
1737486827,2025-04-25,Phish,Hollywood Bowl,Hollywood,CA,USA,2025 Spring Tour,,,959,https://phish.net/setlists/phish-april-25-2025-hollywood-bowl-hollywood-ca-usa.html,1,2,Rift,False,
1737486827,2025-04-25,Phish,Hollywood Bowl,Hollywood,CA,USA,2025 Spring Tour,,,959,https://phish.net/setlists/phish-april-25-2025-hollywood-bowl-hollywood-ca-usa.html,1,3,The Moma Dance,False,
1737486827,2025-04-25,Phish,Hollywood Bowl,Hollywood,CA,USA,2025 Spring Tour,,,959,https://phish.net/setlists/phish-april-25-2025-hollywood-bowl-hollywood-ca-usa.html,1,4,Chalk Dust Torture,False,
1737486827,2025-04-25,Phish,Hollywood Bowl,Hollywood,CA,USA,2025 Spring Tour,,,959,https://phish.net/setlists/phish-april-25-2025-hollywood-bowl-hollywood-ca-usa.html,1,5,Evolve,False,
1737486827,2025-04-25,Phish,Hollywood Bowl,Hollywood,CA,USA,2025 Spring Tour,,,959,https://phish.net/setlists/phish-april-25-2025-hollywood-bowl-hollywood-ca-usa.html,1,6,Stash,False,
1737486827,2025-04-25,Phish,Hollywood Bowl,Hollywood,CA,USA,2025 Spring Tour,,,959,https://phish.net/setlists/phish-april-25-2025-hollywood-bowl-hollywood-ca-usa.html,1,7,Wolfman's Brother,False,
1737486827,2025-04-25,Phish,Hollywood Bowl,Hollywood,CA,USA,2025 Spring Tour,,,959,https://phish.net/setlists/phish-april-25-2025-hollywood-bowl-hollywood-ca-usa.html,1,8,Harry Hood,False,
1737486827,2025-04-25,Phish,Hollywood Bowl,Hollywood,CA,USA,2025 Spring Tour,,,959,https://phish.net/setlists/phish-april-25-2025-hollywood-bowl-hollywood-ca-usa.html,2,1,What's Going Through Your Mind,False,
1737486827,2025-04-25,Phish,Hollywood Bowl,Hollywood,CA,USA,2025 Spring Tour,,,959,https://phish.net/setlists/phish-april-25-2025-hollywood-bowl-hollywood-ca-usa.html,2,2,Carini,False,
1737486827,2025-04-25,Phish,Hollywood Bowl,Hollywood,CA,USA,2025 Spring Tour,,,959,https://phish.net/setlists/phish-april-25-2025-hollywood-bowl-hollywood-ca-usa.html,2,3,Light,False,
1737486827,2025-04-25,Phish,Hollywood Bowl,Hollywood,CA,USA,2025 Spring Tour,,,959,https://phish.net/setlists/phish-april-25-2025-hollywood-bowl-hollywood-ca-usa.html,2,4,Mercury,False,
1737486827,2025-04-25,Phish,Hollywood Bowl,Hollywood,CA,USA,2025 Spring Tour,,,959,https://phish.net/setlists/phish-april-25-2025-hollywood-bowl-hollywood-ca-usa.html,2,5,Piper,False,
1737486827,2025-04-25,Phish,Hollywood Bowl,Hollywood,CA,USA,2025 Spring Tour,,,959,https://phish.net/setlists/phish-april-25-2025-hollywood-bowl-hollywood-ca-usa.html,2,6,A Life Beyond The Dream,False,
1737486827,2025-04-25,Phish,Hollywood Bowl,Hollywood,CA,USA,2025 Spring Tour,,,959,https://phish.net/setlists/phish-april-25-2025-hollywood-bowl-hollywood-ca-usa.html,2,7,Ghost,False,
1737486827,2025-04-25,Phish,Hollywood Bowl,Hollywood,CA,USA,2025 Spring Tour,,,959,https://phish.net/setlists/phish-april-25-2025-hollywood-bowl-hollywood-ca-usa.html,e,1,Possum,False,
1737486827,2025-04-25,Phish,Hollywood Bowl,Hollywood,CA,USA,2025 Spring Tour,,,959,https://phish.net/setlists/phish-april-25-2025-hollywood-bowl-hollywood-ca-usa.html,e,2,Tweezer Reprise,False,
1737486843,2025-04-26,Phish,Hollywood Bowl,Hollywood,CA,USA,2025 Spring Tour,,,959,https://phish.net/setlists/phish-april-26-2025-hollywood-bowl-hollywood-ca-usa.html,1,1,Runaway Jim,False,
1737486843,2025-04-26,Phish,Hollywood Bowl,Hollywood,CA,USA,2025 Spring Tour,,,959,https://phish.net/setlists/phish-april-26-2025-hollywood-bowl-hollywood-ca-usa.html,1,2,Blaze On,False,
1737486843,2025-04-26,Phish,Hollywood Bowl,Hollywood,CA,USA,2025 Spring Tour,,,959,https://phish.net/setlists/phish-april-26-2025-hollywood-bowl-hollywood-ca-usa.html,1,3,Martian Monster,False,
1737486843,2025-04-26,Phish,Hollywood Bowl,Hollywood,CA,USA,2025 Spring Tour,,,959,https://phish.net/setlists/phish-april-26-2025-hollywood-bowl-hollywood-ca-usa.html,1,4,Birds of a Feather,False,
1737486843,2025-04-26,Phish,Hollywood Bowl,Hollywood,CA,USA,2025 Spring Tour,,,959,https://phish.net/setlists/phish-april-26-2025-hollywood-bowl-hollywood-ca-usa.html,1,5,555,False,
1737486843,2025-04-26,Phish,Hollywood Bowl,Hollywood,CA,USA,2025 Spring Tour,,,959,https://phish.net/setlists/phish-april-26-2025-hollywood-bowl-hollywood-ca-usa.html,1,6,Divided Sky,False,
1737486843,2025-04-26,Phish,Hollywood Bowl,Hollywood,CA,USA,2025 Spring Tour,,,959,https://phish.net/setlists/phish-april-26-2025-hollywood-bowl-hollywood-ca-usa.html,1,7,Ether Edge,False,
1737486843,2025-04-26,Phish,Hollywood Bowl,Hollywood,CA,USA,2025 Spring Tour,,,959,https://phish.net/setlists/phish-april-26-2025-hollywood-bowl-hollywood-ca-usa.html,1,8,The Squirming Coil,False,
1737486843,2025-04-26,Phish,Hollywood Bowl,Hollywood,CA,USA,2025 Spring Tour,,,959,https://phish.net/setlists/phish-april-26-2025-hollywood-bowl-hollywood-ca-usa.html,2,1,AC/DC Bag,False,
1737486843,2025-04-26,Phish,Hollywood Bowl,Hollywood,CA,USA,2025 Spring Tour,,,959,https://phish.net/setlists/phish-april-26-2025-hollywood-bowl-hollywood-ca-usa.html,2,2,Life Saving Gun,False,
1737486843,2025-04-26,Phish,Hollywood Bowl,Hollywood,CA,USA,2025 Spring Tour,,,959,https://phish.net/setlists/phish-april-26-2025-hollywood-bowl-hollywood-ca-usa.html,2,3,The Howling,False,
1737486843,2025-04-26,Phish,Hollywood Bowl,Hollywood,CA,USA,2025 Spring Tour,,,959,https://phish.net/setlists/phish-april-26-2025-hollywood-bowl-hollywood-ca-usa.html,2,4,Oblivion,False,
1737486843,2025-04-26,Phish,Hollywood Bowl,Hollywood,CA,USA,2025 Spring Tour,,,959,https://phish.net/setlists/phish-april-26-2025-hollywood-bowl-hollywood-ca-usa.html,2,5,Run Like an Antelope,False,
1737486843,2025-04-26,Phish,Hollywood Bowl,Hollywood,CA,USA,2025 Spring Tour,,,959,https://phish.net/setlists/phish-april-26-2025-hollywood-bowl-hollywood-ca-usa.html,2,6,Beneath a Sea of Stars Part 1,False,
1737486843,2025-04-26,Phish,Hollywood Bowl,Hollywood,CA,USA,2025 Spring Tour,,,959,https://phish.net/setlists/phish-april-26-2025-hollywood-bowl-hollywood-ca-usa.html,2,7,Everything's Right,False,
1737486843,2025-04-26,Phish,Hollywood Bowl,Hollywood,CA,USA,2025 Spring Tour,,,959,https://phish.net/setlists/phish-april-26-2025-hollywood-bowl-hollywood-ca-usa.html,e,1,Taste,False,
1737486843,2025-04-26,Phish,Hollywood Bowl,Hollywood,CA,USA,2025 Spring Tour,,,959,https://phish.net/setlists/phish-april-26-2025-hollywood-bowl-hollywood-ca-usa.html,e,2,About to Run,False,
1737486843,2025-04-26,Phish,Hollywood Bowl,Hollywood,CA,USA,2025 Spring Tour,,,959,https://phish.net/setlists/phish-april-26-2025-hollywood-bowl-hollywood-ca-usa.html,e,3,Slave to the Traffic Light,False,
1737486860,2025-04-27,Phish,Hollywood Bowl,Hollywood,CA,USA,2025 Spring Tour,,,959,https://phish.net/setlists/phish-april-27-2025-hollywood-bowl-hollywood-ca-usa.html,1,1,The Landlady,False,
1737486860,2025-04-27,Phish,Hollywood Bowl,Hollywood,CA,USA,2025 Spring Tour,,,959,https://phish.net/setlists/phish-april-27-2025-hollywood-bowl-hollywood-ca-usa.html,1,2,Cavern,False,
1737486860,2025-04-27,Phish,Hollywood Bowl,Hollywood,CA,USA,2025 Spring Tour,,,959,https://phish.net/setlists/phish-april-27-2025-hollywood-bowl-hollywood-ca-usa.html,1,3,Llama,False,
1737486860,2025-04-27,Phish,Hollywood Bowl,Hollywood,CA,USA,2025 Spring Tour,,,959,https://phish.net/setlists/phish-april-27-2025-hollywood-bowl-hollywood-ca-usa.html,1,4,Sand,False,
1737486860,2025-04-27,Phish,Hollywood Bowl,Hollywood,CA,USA,2025 Spring Tour,,,959,https://phish.net/setlists/phish-april-27-2025-hollywood-bowl-hollywood-ca-usa.html,1,5,The Lizards,False,
1737486860,2025-04-27,Phish,Hollywood Bowl,Hollywood,CA,USA,2025 Spring Tour,,,959,https://phish.net/setlists/phish-april-27-2025-hollywood-bowl-hollywood-ca-usa.html,1,6,Hey Stranger,False,
1737486860,2025-04-27,Phish,Hollywood Bowl,Hollywood,CA,USA,2025 Spring Tour,,,959,https://phish.net/setlists/phish-april-27-2025-hollywood-bowl-hollywood-ca-usa.html,1,7,Timber (Jerry the Mule),False,
1737486860,2025-04-27,Phish,Hollywood Bowl,Hollywood,CA,USA,2025 Spring Tour,,,959,https://phish.net/setlists/phish-april-27-2025-hollywood-bowl-hollywood-ca-usa.html,1,8,Joy,False,
1737486860,2025-04-27,Phish,Hollywood Bowl,Hollywood,CA,USA,2025 Spring Tour,,,959,https://phish.net/setlists/phish-april-27-2025-hollywood-bowl-hollywood-ca-usa.html,1,9,Most Events Aren't Planned,False,
1737486860,2025-04-27,Phish,Hollywood Bowl,Hollywood,CA,USA,2025 Spring Tour,,,959,https://phish.net/setlists/phish-april-27-2025-hollywood-bowl-hollywood-ca-usa.html,2,1,More,False,
1737486860,2025-04-27,Phish,Hollywood Bowl,Hollywood,CA,USA,2025 Spring Tour,,,959,https://phish.net/setlists/phish-april-27-2025-hollywood-bowl-hollywood-ca-usa.html,2,2,You Enjoy Myself,False,
1737486860,2025-04-27,Phish,Hollywood Bowl,Hollywood,CA,USA,2025 Spring Tour,,,959,https://phish.net/setlists/phish-april-27-2025-hollywood-bowl-hollywood-ca-usa.html,2,3,Twist,False,
1737486860,2025-04-27,Phish,Hollywood Bowl,Hollywood,CA,USA,2025 Spring Tour,,,959,https://phish.net/setlists/phish-april-27-2025-hollywood-bowl-hollywood-ca-usa.html,2,4,Kill Devil Falls,False,
1737486860,2025-04-27,Phish,Hollywood Bowl,Hollywood,CA,USA,2025 Spring Tour,,,959,https://phish.net/setlists/phish-april-27-2025-hollywood-bowl-hollywood-ca-usa.html,2,5,Lifeboy,False,
1737486860,2025-04-27,Phish,Hollywood Bowl,Hollywood,CA,USA,2025 Spring Tour,,,959,https://phish.net/setlists/phish-april-27-2025-hollywood-bowl-hollywood-ca-usa.html,2,6,Also Sprach Zarathustra,False,
1737486860,2025-04-27,Phish,Hollywood Bowl,Hollywood,CA,USA,2025 Spring Tour,,,959,https://phish.net/setlists/phish-april-27-2025-hollywood-bowl-hollywood-ca-usa.html,2,7,Say It To Me S.A.N.T.O.S.,False,
1737486860,2025-04-27,Phish,Hollywood Bowl,Hollywood,CA,USA,2025 Spring Tour,,,959,https://phish.net/setlists/phish-april-27-2025-hollywood-bowl-hollywood-ca-usa.html,e,1,Fuego,False,
1739905672,2025-06-20,Phish,SNHU Arena,Manchester,NH,USA,2025 Summer Tour,,,1649,https://phish.net/setlists/phish-june-20-2025-snhu-arena-manchester-nh-usa.html,1,1,The Moma Dance,False,
1739905672,2025-06-20,Phish,SNHU Arena,Manchester,NH,USA,2025 Summer Tour,,,1649,https://phish.net/setlists/phish-june-20-2025-snhu-arena-manchester-nh-usa.html,1,2,Back on the Train,False,
1739905672,2025-06-20,Phish,SNHU Arena,Manchester,NH,USA,2025 Summer Tour,,,1649,https://phish.net/setlists/phish-june-20-2025-snhu-arena-manchester-nh-usa.html,1,3,Wolfman's Brother,False,
1739905672,2025-06-20,Phish,SNHU Arena,Manchester,NH,USA,2025 Summer Tour,,,1649,https://phish.net/setlists/phish-june-20-2025-snhu-arena-manchester-nh-usa.html,1,4,Theme From the Bottom,False,
1739905672,2025-06-20,Phish,SNHU Arena,Manchester,NH,USA,2025 Summer Tour,,,1649,https://phish.net/setlists/phish-june-20-2025-snhu-arena-manchester-nh-usa.html,1,5,The Old Home Place,False,
1739905672,2025-06-20,Phish,SNHU Arena,Manchester,NH,USA,2025 Summer Tour,,,1649,https://phish.net/setlists/phish-june-20-2025-snhu-arena-manchester-nh-usa.html,1,6,46 Days,False,
1739905672,2025-06-20,Phish,SNHU Arena,Manchester,NH,USA,2025 Summer Tour,,,1649,https://phish.net/setlists/phish-june-20-2025-snhu-arena-manchester-nh-usa.html,1,7,Birds of a Feather,False,
1739905672,2025-06-20,Phish,SNHU Arena,Manchester,NH,USA,2025 Summer Tour,,,1649,https://phish.net/setlists/phish-june-20-2025-snhu-arena-manchester-nh-usa.html,1,8,Slave to the Traffic Light,False,
1739905672,2025-06-20,Phish,SNHU Arena,Manchester,NH,USA,2025 Summer Tour,,,1649,https://phish.net/setlists/phish-june-20-2025-snhu-arena-manchester-nh-usa.html,2,1,Bouncing Around the Room,False,
1739905672,2025-06-20,Phish,SNHU Arena,Manchester,NH,USA,2025 Summer Tour,,,1649,https://phish.net/setlists/phish-june-20-2025-snhu-arena-manchester-nh-usa.html,2,2,Sample in a Jar,False,
1739905672,2025-06-20,Phish,SNHU Arena,Manchester,NH,USA,2025 Summer Tour,,,1649,https://phish.net/setlists/phish-june-20-2025-snhu-arena-manchester-nh-usa.html,2,3,Life Saving Gun,False,
1739905672,2025-06-20,Phish,SNHU Arena,Manchester,NH,USA,2025 Summer Tour,,,1649,https://phish.net/setlists/phish-june-20-2025-snhu-arena-manchester-nh-usa.html,2,4,Twist,False,
1739905672,2025-06-20,Phish,SNHU Arena,Manchester,NH,USA,2025 Summer Tour,,,1649,https://phish.net/setlists/phish-june-20-2025-snhu-arena-manchester-nh-usa.html,2,5,Piper,False,
1739905672,2025-06-20,Phish,SNHU Arena,Manchester,NH,USA,2025 Summer Tour,,,1649,https://phish.net/setlists/phish-june-20-2025-snhu-arena-manchester-nh-usa.html,2,6,Everything's Right,False,
1739905672,2025-06-20,Phish,SNHU Arena,Manchester,NH,USA,2025 Summer Tour,,,1649,https://phish.net/setlists/phish-june-20-2025-snhu-arena-manchester-nh-usa.html,e,1,Strange Design,False,
1739905672,2025-06-20,Phish,SNHU Arena,Manchester,NH,USA,2025 Summer Tour,,,1649,https://phish.net/setlists/phish-june-20-2025-snhu-arena-manchester-nh-usa.html,e,2,Harry Hood,False,
1739905672,2025-06-20,Phish,SNHU Arena,Manchester,NH,USA,2025 Summer Tour,,,1649,https://phish.net/setlists/phish-june-20-2025-snhu-arena-manchester-nh-usa.html,e,3,Suzy Greenberg,False,
1739905708,2025-06-21,Phish,SNHU Arena,Manchester,NH,USA,2025 Summer Tour,,,1649,https://phish.net/setlists/phish-june-21-2025-snhu-arena-manchester-nh-usa.html,1,1,Free,False,
1739905708,2025-06-21,Phish,SNHU Arena,Manchester,NH,USA,2025 Summer Tour,,,1649,https://phish.net/setlists/phish-june-21-2025-snhu-arena-manchester-nh-usa.html,1,2,Reba,False,
1739905708,2025-06-21,Phish,SNHU Arena,Manchester,NH,USA,2025 Summer Tour,,,1649,https://phish.net/setlists/phish-june-21-2025-snhu-arena-manchester-nh-usa.html,1,3,Halfway to the Moon,False,
1739905708,2025-06-21,Phish,SNHU Arena,Manchester,NH,USA,2025 Summer Tour,,,1649,https://phish.net/setlists/phish-june-21-2025-snhu-arena-manchester-nh-usa.html,1,4,Halley's Comet,False,
1739905708,2025-06-21,Phish,SNHU Arena,Manchester,NH,USA,2025 Summer Tour,,,1649,https://phish.net/setlists/phish-june-21-2025-snhu-arena-manchester-nh-usa.html,1,5,Stash,False,
1739905708,2025-06-21,Phish,SNHU Arena,Manchester,NH,USA,2025 Summer Tour,,,1649,https://phish.net/setlists/phish-june-21-2025-snhu-arena-manchester-nh-usa.html,1,6,Meat,False,
1739905708,2025-06-21,Phish,SNHU Arena,Manchester,NH,USA,2025 Summer Tour,,,1649,https://phish.net/setlists/phish-june-21-2025-snhu-arena-manchester-nh-usa.html,1,7,Down with Disease,False,
1739905708,2025-06-21,Phish,SNHU Arena,Manchester,NH,USA,2025 Summer Tour,,,1649,https://phish.net/setlists/phish-june-21-2025-snhu-arena-manchester-nh-usa.html,2,1,Drift While You're Sleeping,False,
1739905708,2025-06-21,Phish,SNHU Arena,Manchester,NH,USA,2025 Summer Tour,,,1649,https://phish.net/setlists/phish-june-21-2025-snhu-arena-manchester-nh-usa.html,2,2,Carini,False,
1739905708,2025-06-21,Phish,SNHU Arena,Manchester,NH,USA,2025 Summer Tour,,,1649,https://phish.net/setlists/phish-june-21-2025-snhu-arena-manchester-nh-usa.html,2,3,A Wave of Hope,False,
1739905708,2025-06-21,Phish,SNHU Arena,Manchester,NH,USA,2025 Summer Tour,,,1649,https://phish.net/setlists/phish-june-21-2025-snhu-arena-manchester-nh-usa.html,2,4,Billy Breathes,False,
1739905708,2025-06-21,Phish,SNHU Arena,Manchester,NH,USA,2025 Summer Tour,,,1649,https://phish.net/setlists/phish-june-21-2025-snhu-arena-manchester-nh-usa.html,2,5,Also Sprach Zarathustra,False,
1739905708,2025-06-21,Phish,SNHU Arena,Manchester,NH,USA,2025 Summer Tour,,,1649,https://phish.net/setlists/phish-june-21-2025-snhu-arena-manchester-nh-usa.html,2,6,Meatstick,False,
1739905708,2025-06-21,Phish,SNHU Arena,Manchester,NH,USA,2025 Summer Tour,,,1649,https://phish.net/setlists/phish-june-21-2025-snhu-arena-manchester-nh-usa.html,2,7,About to Run,False,
1739905708,2025-06-21,Phish,SNHU Arena,Manchester,NH,USA,2025 Summer Tour,,,1649,https://phish.net/setlists/phish-june-21-2025-snhu-arena-manchester-nh-usa.html,2,8,Possum,False,
1739905708,2025-06-21,Phish,SNHU Arena,Manchester,NH,USA,2025 Summer Tour,,,1649,https://phish.net/setlists/phish-june-21-2025-snhu-arena-manchester-nh-usa.html,e,1,Bold As Love,False,
1739905708,2025-06-21,Phish,SNHU Arena,Manchester,NH,USA,2025 Summer Tour,,,1649,https://phish.net/setlists/phish-june-21-2025-snhu-arena-manchester-nh-usa.html,e,2,David Bowie,False,
1739905708,2025-06-21,Phish,SNHU Arena,Manchester,NH,USA,2025 Summer Tour,,,1649,https://phish.net/setlists/phish-june-21-2025-snhu-arena-manchester-nh-usa.html,e,3,Wilson,False,
1739905740,2025-06-22,Phish,SNHU Arena,Manchester,NH,USA,2025 Summer Tour,,,1649,https://phish.net/setlists/phish-june-22-2025-snhu-arena-manchester-nh-usa.html,1,1,Runaway Jim,False,
1739905740,2025-06-22,Phish,SNHU Arena,Manchester,NH,USA,2025 Summer Tour,,,1649,https://phish.net/setlists/phish-june-22-2025-snhu-arena-manchester-nh-usa.html,1,2,Oblivion,False,
1739905740,2025-06-22,Phish,SNHU Arena,Manchester,NH,USA,2025 Summer Tour,,,1649,https://phish.net/setlists/phish-june-22-2025-snhu-arena-manchester-nh-usa.html,1,3,The Curtain With,False,
1739905740,2025-06-22,Phish,SNHU Arena,Manchester,NH,USA,2025 Summer Tour,,,1649,https://phish.net/setlists/phish-june-22-2025-snhu-arena-manchester-nh-usa.html,1,4,Llama,False,
1739905740,2025-06-22,Phish,SNHU Arena,Manchester,NH,USA,2025 Summer Tour,,,1649,https://phish.net/setlists/phish-june-22-2025-snhu-arena-manchester-nh-usa.html,1,5,Fast Enough for You,False,
1739905740,2025-06-22,Phish,SNHU Arena,Manchester,NH,USA,2025 Summer Tour,,,1649,https://phish.net/setlists/phish-june-22-2025-snhu-arena-manchester-nh-usa.html,1,6,The Wedge,False,
1739905740,2025-06-22,Phish,SNHU Arena,Manchester,NH,USA,2025 Summer Tour,,,1649,https://phish.net/setlists/phish-june-22-2025-snhu-arena-manchester-nh-usa.html,1,7,Pebbles and Marbles,False,
1739905740,2025-06-22,Phish,SNHU Arena,Manchester,NH,USA,2025 Summer Tour,,,1649,https://phish.net/setlists/phish-june-22-2025-snhu-arena-manchester-nh-usa.html,1,8,My Friend,False,
1739905740,2025-06-22,Phish,SNHU Arena,Manchester,NH,USA,2025 Summer Tour,,,1649,https://phish.net/setlists/phish-june-22-2025-snhu-arena-manchester-nh-usa.html,1,9,My Friend,False,
1739905740,2025-06-22,Phish,SNHU Arena,Manchester,NH,USA,2025 Summer Tour,,,1649,https://phish.net/setlists/phish-june-22-2025-snhu-arena-manchester-nh-usa.html,1,10,Egg in a Hole,False,
1739905740,2025-06-22,Phish,SNHU Arena,Manchester,NH,USA,2025 Summer Tour,,,1649,https://phish.net/setlists/phish-june-22-2025-snhu-arena-manchester-nh-usa.html,1,11,Fluffhead,False,
1739905740,2025-06-22,Phish,SNHU Arena,Manchester,NH,USA,2025 Summer Tour,,,1649,https://phish.net/setlists/phish-june-22-2025-snhu-arena-manchester-nh-usa.html,2,1,Axilla (Part II),False,
1739905740,2025-06-22,Phish,SNHU Arena,Manchester,NH,USA,2025 Summer Tour,,,1649,https://phish.net/setlists/phish-june-22-2025-snhu-arena-manchester-nh-usa.html,2,2,Tweezer,False,
1739905740,2025-06-22,Phish,SNHU Arena,Manchester,NH,USA,2025 Summer Tour,,,1649,https://phish.net/setlists/phish-june-22-2025-snhu-arena-manchester-nh-usa.html,2,3,Mercury,False,
1739905740,2025-06-22,Phish,SNHU Arena,Manchester,NH,USA,2025 Summer Tour,,,1649,https://phish.net/setlists/phish-june-22-2025-snhu-arena-manchester-nh-usa.html,2,4,Tweezer,False,
1739905740,2025-06-22,Phish,SNHU Arena,Manchester,NH,USA,2025 Summer Tour,,,1649,https://phish.net/setlists/phish-june-22-2025-snhu-arena-manchester-nh-usa.html,2,5,Pillow Jets,False,
1739905740,2025-06-22,Phish,SNHU Arena,Manchester,NH,USA,2025 Summer Tour,,,1649,https://phish.net/setlists/phish-june-22-2025-snhu-arena-manchester-nh-usa.html,2,6,Tweezer,False,
1739905740,2025-06-22,Phish,SNHU Arena,Manchester,NH,USA,2025 Summer Tour,,,1649,https://phish.net/setlists/phish-june-22-2025-snhu-arena-manchester-nh-usa.html,2,7,Golgi Apparatus,False,
1739905740,2025-06-22,Phish,SNHU Arena,Manchester,NH,USA,2025 Summer Tour,,,1649,https://phish.net/setlists/phish-june-22-2025-snhu-arena-manchester-nh-usa.html,e,1,Bug,False,
1739905740,2025-06-22,Phish,SNHU Arena,Manchester,NH,USA,2025 Summer Tour,,,1649,https://phish.net/setlists/phish-june-22-2025-snhu-arena-manchester-nh-usa.html,e,2,Tweezer Reprise,False,
1739906123,2025-06-24,Phish,Petersen Events Center,Pittsburgh,PA,USA,2025 Summer Tour,,,1396,https://phish.net/setlists/phish-june-24-2025-petersen-events-center-pittsburgh-pa-usa.html,1,1,AC/DC Bag,False,
1739906123,2025-06-24,Phish,Petersen Events Center,Pittsburgh,PA,USA,2025 Summer Tour,,,1396,https://phish.net/setlists/phish-june-24-2025-petersen-events-center-pittsburgh-pa-usa.html,1,2,Dogs Stole Things,False,
1739906123,2025-06-24,Phish,Petersen Events Center,Pittsburgh,PA,USA,2025 Summer Tour,,,1396,https://phish.net/setlists/phish-june-24-2025-petersen-events-center-pittsburgh-pa-usa.html,1,3,Paul and Silas,False,
1739906123,2025-06-24,Phish,Petersen Events Center,Pittsburgh,PA,USA,2025 Summer Tour,,,1396,https://phish.net/setlists/phish-june-24-2025-petersen-events-center-pittsburgh-pa-usa.html,1,4,I Always Wanted It This Way,False,
1739906123,2025-06-24,Phish,Petersen Events Center,Pittsburgh,PA,USA,2025 Summer Tour,,,1396,https://phish.net/setlists/phish-june-24-2025-petersen-events-center-pittsburgh-pa-usa.html,1,5,Water in the Sky,False,
1739906123,2025-06-24,Phish,Petersen Events Center,Pittsburgh,PA,USA,2025 Summer Tour,,,1396,https://phish.net/setlists/phish-june-24-2025-petersen-events-center-pittsburgh-pa-usa.html,1,6,Stealing Time From the Faulty Plan,False,
1739906123,2025-06-24,Phish,Petersen Events Center,Pittsburgh,PA,USA,2025 Summer Tour,,,1396,https://phish.net/setlists/phish-june-24-2025-petersen-events-center-pittsburgh-pa-usa.html,1,7,Ya Mar,False,
1739906123,2025-06-24,Phish,Petersen Events Center,Pittsburgh,PA,USA,2025 Summer Tour,,,1396,https://phish.net/setlists/phish-june-24-2025-petersen-events-center-pittsburgh-pa-usa.html,1,8,Gumbo,False,
1739906123,2025-06-24,Phish,Petersen Events Center,Pittsburgh,PA,USA,2025 Summer Tour,,,1396,https://phish.net/setlists/phish-june-24-2025-petersen-events-center-pittsburgh-pa-usa.html,1,9,Walls of the Cave,False,
1739906123,2025-06-24,Phish,Petersen Events Center,Pittsburgh,PA,USA,2025 Summer Tour,,,1396,https://phish.net/setlists/phish-june-24-2025-petersen-events-center-pittsburgh-pa-usa.html,2,1,You Enjoy Myself,False,
1739906123,2025-06-24,Phish,Petersen Events Center,Pittsburgh,PA,USA,2025 Summer Tour,,,1396,https://phish.net/setlists/phish-june-24-2025-petersen-events-center-pittsburgh-pa-usa.html,2,2,What's Going Through Your Mind,False,
1739906123,2025-06-24,Phish,Petersen Events Center,Pittsburgh,PA,USA,2025 Summer Tour,,,1396,https://phish.net/setlists/phish-june-24-2025-petersen-events-center-pittsburgh-pa-usa.html,2,3,Prince Caspian,False,
1739906123,2025-06-24,Phish,Petersen Events Center,Pittsburgh,PA,USA,2025 Summer Tour,,,1396,https://phish.net/setlists/phish-june-24-2025-petersen-events-center-pittsburgh-pa-usa.html,2,4,Julius,False,
1739906123,2025-06-24,Phish,Petersen Events Center,Pittsburgh,PA,USA,2025 Summer Tour,,,1396,https://phish.net/setlists/phish-june-24-2025-petersen-events-center-pittsburgh-pa-usa.html,2,5,Blaze On,False,
1739906123,2025-06-24,Phish,Petersen Events Center,Pittsburgh,PA,USA,2025 Summer Tour,,,1396,https://phish.net/setlists/phish-june-24-2025-petersen-events-center-pittsburgh-pa-usa.html,e,1,The Howling,False,
1739906123,2025-06-24,Phish,Petersen Events Center,Pittsburgh,PA,USA,2025 Summer Tour,,,1396,https://phish.net/setlists/phish-june-24-2025-petersen-events-center-pittsburgh-pa-usa.html,e,2,Ghost,False,
1739906224,2025-06-27,Phish,Moody Center,Austin,TX,USA,2025 Summer Tour,,,1650,https://phish.net/setlists/phish-june-27-2025-moody-center-austin-tx-usa.html,1,1,Crowd Control,False,
1739906224,2025-06-27,Phish,Moody Center,Austin,TX,USA,2025 Summer Tour,,,1650,https://phish.net/setlists/phish-june-27-2025-moody-center-austin-tx-usa.html,1,2,Mike's Song,False,
1739906224,2025-06-27,Phish,Moody Center,Austin,TX,USA,2025 Summer Tour,,,1650,https://phish.net/setlists/phish-june-27-2025-moody-center-austin-tx-usa.html,1,3,Cities,False,
1739906224,2025-06-27,Phish,Moody Center,Austin,TX,USA,2025 Summer Tour,,,1650,https://phish.net/setlists/phish-june-27-2025-moody-center-austin-tx-usa.html,1,4,Divided Sky,False,
1739906224,2025-06-27,Phish,Moody Center,Austin,TX,USA,2025 Summer Tour,,,1650,https://phish.net/setlists/phish-june-27-2025-moody-center-austin-tx-usa.html,1,5,The Well,False,
1739906224,2025-06-27,Phish,Moody Center,Austin,TX,USA,2025 Summer Tour,,,1650,https://phish.net/setlists/phish-june-27-2025-moody-center-austin-tx-usa.html,1,6,Daniel Saw the Stone,False,
1739906224,2025-06-27,Phish,Moody Center,Austin,TX,USA,2025 Summer Tour,,,1650,https://phish.net/setlists/phish-june-27-2025-moody-center-austin-tx-usa.html,1,7,Taste,False,
1739906224,2025-06-27,Phish,Moody Center,Austin,TX,USA,2025 Summer Tour,,,1650,https://phish.net/setlists/phish-june-27-2025-moody-center-austin-tx-usa.html,1,8,Dirt,False,
1739906224,2025-06-27,Phish,Moody Center,Austin,TX,USA,2025 Summer Tour,,,1650,https://phish.net/setlists/phish-june-27-2025-moody-center-austin-tx-usa.html,1,9,Weekapaug Groove,False,
1739906224,2025-06-27,Phish,Moody Center,Austin,TX,USA,2025 Summer Tour,,,1650,https://phish.net/setlists/phish-june-27-2025-moody-center-austin-tx-usa.html,2,1,No Men In No Man's Land,False,
1739906224,2025-06-27,Phish,Moody Center,Austin,TX,USA,2025 Summer Tour,,,1650,https://phish.net/setlists/phish-june-27-2025-moody-center-austin-tx-usa.html,2,2,Fuego,False,
1739906224,2025-06-27,Phish,Moody Center,Austin,TX,USA,2025 Summer Tour,,,1650,https://phish.net/setlists/phish-june-27-2025-moody-center-austin-tx-usa.html,2,3,Golden Age,False,
1739906224,2025-06-27,Phish,Moody Center,Austin,TX,USA,2025 Summer Tour,,,1650,https://phish.net/setlists/phish-june-27-2025-moody-center-austin-tx-usa.html,2,4,The Squirming Coil,False,
1739906224,2025-06-27,Phish,Moody Center,Austin,TX,USA,2025 Summer Tour,,,1650,https://phish.net/setlists/phish-june-27-2025-moody-center-austin-tx-usa.html,2,5,Sand,False,
1739906224,2025-06-27,Phish,Moody Center,Austin,TX,USA,2025 Summer Tour,,,1650,https://phish.net/setlists/phish-june-27-2025-moody-center-austin-tx-usa.html,2,6,Character Zero,False,
1739906224,2025-06-27,Phish,Moody Center,Austin,TX,USA,2025 Summer Tour,,,1650,https://phish.net/setlists/phish-june-27-2025-moody-center-austin-tx-usa.html,e,1,A Life Beyond The Dream,False,
1739906224,2025-06-27,Phish,Moody Center,Austin,TX,USA,2025 Summer Tour,,,1650,https://phish.net/setlists/phish-june-27-2025-moody-center-austin-tx-usa.html,e,2,First Tube,False,
1739906954,2025-06-28,Phish,Moody Center,Austin,TX,USA,2025 Summer Tour,,,1650,https://phish.net/setlists/phish-june-28-2025-moody-center-austin-tx-usa.html,1,1,Punch You in the Eye,False,
1739906954,2025-06-28,Phish,Moody Center,Austin,TX,USA,2025 Summer Tour,,,1650,https://phish.net/setlists/phish-june-28-2025-moody-center-austin-tx-usa.html,1,2,Free,False,
1739906954,2025-06-28,Phish,Moody Center,Austin,TX,USA,2025 Summer Tour,,,1650,https://phish.net/setlists/phish-june-28-2025-moody-center-austin-tx-usa.html,1,3,My Soul,False,
1739906954,2025-06-28,Phish,Moody Center,Austin,TX,USA,2025 Summer Tour,,,1650,https://phish.net/setlists/phish-june-28-2025-moody-center-austin-tx-usa.html,1,4,555,False,
1739906954,2025-06-28,Phish,Moody Center,Austin,TX,USA,2025 Summer Tour,,,1650,https://phish.net/setlists/phish-june-28-2025-moody-center-austin-tx-usa.html,1,5,Reba,False,
1739906954,2025-06-28,Phish,Moody Center,Austin,TX,USA,2025 Summer Tour,,,1650,https://phish.net/setlists/phish-june-28-2025-moody-center-austin-tx-usa.html,1,6,Hey Stranger,False,
1739906954,2025-06-28,Phish,Moody Center,Austin,TX,USA,2025 Summer Tour,,,1650,https://phish.net/setlists/phish-june-28-2025-moody-center-austin-tx-usa.html,1,7,Plasma,False,
1739906954,2025-06-28,Phish,Moody Center,Austin,TX,USA,2025 Summer Tour,,,1650,https://phish.net/setlists/phish-june-28-2025-moody-center-austin-tx-usa.html,1,8,Guelah Papyrus,False,
1739906954,2025-06-28,Phish,Moody Center,Austin,TX,USA,2025 Summer Tour,,,1650,https://phish.net/setlists/phish-june-28-2025-moody-center-austin-tx-usa.html,1,9,Moonage Daydream,False,
1739906954,2025-06-28,Phish,Moody Center,Austin,TX,USA,2025 Summer Tour,,,1650,https://phish.net/setlists/phish-june-28-2025-moody-center-austin-tx-usa.html,2,1,Chalk Dust Torture,False,
1739906954,2025-06-28,Phish,Moody Center,Austin,TX,USA,2025 Summer Tour,,,1650,https://phish.net/setlists/phish-june-28-2025-moody-center-austin-tx-usa.html,2,2,Twist,False,
1739906954,2025-06-28,Phish,Moody Center,Austin,TX,USA,2025 Summer Tour,,,1650,https://phish.net/setlists/phish-june-28-2025-moody-center-austin-tx-usa.html,2,3,Ruby Waves,False,
1739906954,2025-06-28,Phish,Moody Center,Austin,TX,USA,2025 Summer Tour,,,1650,https://phish.net/setlists/phish-june-28-2025-moody-center-austin-tx-usa.html,2,4,Monsters,False,
1739906954,2025-06-28,Phish,Moody Center,Austin,TX,USA,2025 Summer Tour,,,1650,https://phish.net/setlists/phish-june-28-2025-moody-center-austin-tx-usa.html,2,5,Limb By Limb,False,
1739906954,2025-06-28,Phish,Moody Center,Austin,TX,USA,2025 Summer Tour,,,1650,https://phish.net/setlists/phish-june-28-2025-moody-center-austin-tx-usa.html,2,6,Split Open and Melt,False,
1739906954,2025-06-28,Phish,Moody Center,Austin,TX,USA,2025 Summer Tour,,,1650,https://phish.net/setlists/phish-june-28-2025-moody-center-austin-tx-usa.html,2,7,Rock and Roll,False,
1739906954,2025-06-28,Phish,Moody Center,Austin,TX,USA,2025 Summer Tour,,,1650,https://phish.net/setlists/phish-june-28-2025-moody-center-austin-tx-usa.html,e,1,Waste,False,
1739906954,2025-06-28,Phish,Moody Center,Austin,TX,USA,2025 Summer Tour,,,1650,https://phish.net/setlists/phish-june-28-2025-moody-center-austin-tx-usa.html,e,2,Say It To Me S.A.N.T.O.S.,False,
1739906330,2025-07-03,Phish,Folsom Field,Boulder,CO,USA,2025 Summer Tour,,,1651,https://phish.net/setlists/phish-july-03-2025-folsom-field-boulder-co-usa.html,1,1,Wolfman's Brother,False,
1739906330,2025-07-03,Phish,Folsom Field,Boulder,CO,USA,2025 Summer Tour,,,1651,https://phish.net/setlists/phish-july-03-2025-folsom-field-boulder-co-usa.html,1,2,Tube,False,
1739906330,2025-07-03,Phish,Folsom Field,Boulder,CO,USA,2025 Summer Tour,,,1651,https://phish.net/setlists/phish-july-03-2025-folsom-field-boulder-co-usa.html,1,3,Roses Are Free,False,
1739906330,2025-07-03,Phish,Folsom Field,Boulder,CO,USA,2025 Summer Tour,,,1651,https://phish.net/setlists/phish-july-03-2025-folsom-field-boulder-co-usa.html,1,4,Maze,False,
1739906330,2025-07-03,Phish,Folsom Field,Boulder,CO,USA,2025 Summer Tour,,,1651,https://phish.net/setlists/phish-july-03-2025-folsom-field-boulder-co-usa.html,1,5,Bouncing Around the Room,False,
1739906330,2025-07-03,Phish,Folsom Field,Boulder,CO,USA,2025 Summer Tour,,,1651,https://phish.net/setlists/phish-july-03-2025-folsom-field-boulder-co-usa.html,1,6,Nellie Kane,False,
1739906330,2025-07-03,Phish,Folsom Field,Boulder,CO,USA,2025 Summer Tour,,,1651,https://phish.net/setlists/phish-july-03-2025-folsom-field-boulder-co-usa.html,1,7,Kill Devil Falls,False,
1739906330,2025-07-03,Phish,Folsom Field,Boulder,CO,USA,2025 Summer Tour,,,1651,https://phish.net/setlists/phish-july-03-2025-folsom-field-boulder-co-usa.html,1,8,Sand,False,
1739906330,2025-07-03,Phish,Folsom Field,Boulder,CO,USA,2025 Summer Tour,,,1651,https://phish.net/setlists/phish-july-03-2025-folsom-field-boulder-co-usa.html,1,9,Fluffhead,False,
1739906330,2025-07-03,Phish,Folsom Field,Boulder,CO,USA,2025 Summer Tour,,,1651,https://phish.net/setlists/phish-july-03-2025-folsom-field-boulder-co-usa.html,2,1,Carini,False,
1739906330,2025-07-03,Phish,Folsom Field,Boulder,CO,USA,2025 Summer Tour,,,1651,https://phish.net/setlists/phish-july-03-2025-folsom-field-boulder-co-usa.html,2,2,You Enjoy Myself,False,
1739906330,2025-07-03,Phish,Folsom Field,Boulder,CO,USA,2025 Summer Tour,,,1651,https://phish.net/setlists/phish-july-03-2025-folsom-field-boulder-co-usa.html,2,3,Sneakin' Sally Through the Alley,False,
1739906330,2025-07-03,Phish,Folsom Field,Boulder,CO,USA,2025 Summer Tour,,,1651,https://phish.net/setlists/phish-july-03-2025-folsom-field-boulder-co-usa.html,2,4,Light,False,
1739906330,2025-07-03,Phish,Folsom Field,Boulder,CO,USA,2025 Summer Tour,,,1651,https://phish.net/setlists/phish-july-03-2025-folsom-field-boulder-co-usa.html,2,5,What's the Use?,False,
1739906330,2025-07-03,Phish,Folsom Field,Boulder,CO,USA,2025 Summer Tour,,,1651,https://phish.net/setlists/phish-july-03-2025-folsom-field-boulder-co-usa.html,2,6,Pillow Jets,False,
1739906330,2025-07-03,Phish,Folsom Field,Boulder,CO,USA,2025 Summer Tour,,,1651,https://phish.net/setlists/phish-july-03-2025-folsom-field-boulder-co-usa.html,2,7,Also Sprach Zarathustra,False,
1739906330,2025-07-03,Phish,Folsom Field,Boulder,CO,USA,2025 Summer Tour,,,1651,https://phish.net/setlists/phish-july-03-2025-folsom-field-boulder-co-usa.html,2,8,Possum,False,
1739906330,2025-07-03,Phish,Folsom Field,Boulder,CO,USA,2025 Summer Tour,,,1651,https://phish.net/setlists/phish-july-03-2025-folsom-field-boulder-co-usa.html,e,1,Stash,False,
1739906330,2025-07-03,Phish,Folsom Field,Boulder,CO,USA,2025 Summer Tour,,,1651,https://phish.net/setlists/phish-july-03-2025-folsom-field-boulder-co-usa.html,e,2,Rocky Top,False,
1739906355,2025-07-04,Phish,Folsom Field,Boulder,CO,USA,2025 Summer Tour,,,1651,https://phish.net/setlists/phish-july-04-2025-folsom-field-boulder-co-usa.html,1,1,Bathtub Gin,False,
1739906355,2025-07-04,Phish,Folsom Field,Boulder,CO,USA,2025 Summer Tour,,,1651,https://phish.net/setlists/phish-july-04-2025-folsom-field-boulder-co-usa.html,1,2,The Moma Dance,False,
1739906355,2025-07-04,Phish,Folsom Field,Boulder,CO,USA,2025 Summer Tour,,,1651,https://phish.net/setlists/phish-july-04-2025-folsom-field-boulder-co-usa.html,1,3,Beauty of My Dreams,False,
1739906355,2025-07-04,Phish,Folsom Field,Boulder,CO,USA,2025 Summer Tour,,,1651,https://phish.net/setlists/phish-july-04-2025-folsom-field-boulder-co-usa.html,1,4,Theme From the Bottom,False,
1739906355,2025-07-04,Phish,Folsom Field,Boulder,CO,USA,2025 Summer Tour,,,1651,https://phish.net/setlists/phish-july-04-2025-folsom-field-boulder-co-usa.html,1,5,Rift,False,
1739906355,2025-07-04,Phish,Folsom Field,Boulder,CO,USA,2025 Summer Tour,,,1651,https://phish.net/setlists/phish-july-04-2025-folsom-field-boulder-co-usa.html,1,6,Oblivion,False,
1739906355,2025-07-04,Phish,Folsom Field,Boulder,CO,USA,2025 Summer Tour,,,1651,https://phish.net/setlists/phish-july-04-2025-folsom-field-boulder-co-usa.html,1,7,Timber (Jerry the Mule),False,
1739906355,2025-07-04,Phish,Folsom Field,Boulder,CO,USA,2025 Summer Tour,,,1651,https://phish.net/setlists/phish-july-04-2025-folsom-field-boulder-co-usa.html,1,8,Guyute,False,
1739906355,2025-07-04,Phish,Folsom Field,Boulder,CO,USA,2025 Summer Tour,,,1651,https://phish.net/setlists/phish-july-04-2025-folsom-field-boulder-co-usa.html,1,9,Back on the Train,False,
1739906355,2025-07-04,Phish,Folsom Field,Boulder,CO,USA,2025 Summer Tour,,,1651,https://phish.net/setlists/phish-july-04-2025-folsom-field-boulder-co-usa.html,1,10,Most Events Aren't Planned,False,
1739906355,2025-07-04,Phish,Folsom Field,Boulder,CO,USA,2025 Summer Tour,,,1651,https://phish.net/setlists/phish-july-04-2025-folsom-field-boulder-co-usa.html,2,1,Simple,False,
1739906355,2025-07-04,Phish,Folsom Field,Boulder,CO,USA,2025 Summer Tour,,,1651,https://phish.net/setlists/phish-july-04-2025-folsom-field-boulder-co-usa.html,2,2,What's Going Through Your Mind,False,
1739906355,2025-07-04,Phish,Folsom Field,Boulder,CO,USA,2025 Summer Tour,,,1651,https://phish.net/setlists/phish-july-04-2025-folsom-field-boulder-co-usa.html,2,3,Tweezer,False,
1739906355,2025-07-04,Phish,Folsom Field,Boulder,CO,USA,2025 Summer Tour,,,1651,https://phish.net/setlists/phish-july-04-2025-folsom-field-boulder-co-usa.html,2,4,No Quarter,False,
1739906355,2025-07-04,Phish,Folsom Field,Boulder,CO,USA,2025 Summer Tour,,,1651,https://phish.net/setlists/phish-july-04-2025-folsom-field-boulder-co-usa.html,2,5,Down with Disease,False,
1739906355,2025-07-04,Phish,Folsom Field,Boulder,CO,USA,2025 Summer Tour,,,1651,https://phish.net/setlists/phish-july-04-2025-folsom-field-boulder-co-usa.html,2,6,Ghost,False,
1739906355,2025-07-04,Phish,Folsom Field,Boulder,CO,USA,2025 Summer Tour,,,1651,https://phish.net/setlists/phish-july-04-2025-folsom-field-boulder-co-usa.html,e,1,Character Zero,False,
1739906355,2025-07-04,Phish,Folsom Field,Boulder,CO,USA,2025 Summer Tour,,,1651,https://phish.net/setlists/phish-july-04-2025-folsom-field-boulder-co-usa.html,e,2,Tweezer Reprise,False,
1739906380,2025-07-05,Phish,Folsom Field,Boulder,CO,USA,2025 Summer Tour,,,1651,https://phish.net/setlists/phish-july-05-2025-folsom-field-boulder-co-usa.html,1,1,Buried Alive,False,
1739906380,2025-07-05,Phish,Folsom Field,Boulder,CO,USA,2025 Summer Tour,,,1651,https://phish.net/setlists/phish-july-05-2025-folsom-field-boulder-co-usa.html,1,2,46 Days,False,
1739906380,2025-07-05,Phish,Folsom Field,Boulder,CO,USA,2025 Summer Tour,,,1651,https://phish.net/setlists/phish-july-05-2025-folsom-field-boulder-co-usa.html,1,3,Birds of a Feather,False,
1739906380,2025-07-05,Phish,Folsom Field,Boulder,CO,USA,2025 Summer Tour,,,1651,https://phish.net/setlists/phish-july-05-2025-folsom-field-boulder-co-usa.html,1,4,Sigma Oasis,False,
1739906380,2025-07-05,Phish,Folsom Field,Boulder,CO,USA,2025 Summer Tour,,,1651,https://phish.net/setlists/phish-july-05-2025-folsom-field-boulder-co-usa.html,1,5,David Bowie,False,
1739906380,2025-07-05,Phish,Folsom Field,Boulder,CO,USA,2025 Summer Tour,,,1651,https://phish.net/setlists/phish-july-05-2025-folsom-field-boulder-co-usa.html,1,6,Evolve,False,
1739906380,2025-07-05,Phish,Folsom Field,Boulder,CO,USA,2025 Summer Tour,,,1651,https://phish.net/setlists/phish-july-05-2025-folsom-field-boulder-co-usa.html,1,7,Blaze On,False,
1739906380,2025-07-05,Phish,Folsom Field,Boulder,CO,USA,2025 Summer Tour,,,1651,https://phish.net/setlists/phish-july-05-2025-folsom-field-boulder-co-usa.html,1,8,The Lizards,False,
1739906380,2025-07-05,Phish,Folsom Field,Boulder,CO,USA,2025 Summer Tour,,,1651,https://phish.net/setlists/phish-july-05-2025-folsom-field-boulder-co-usa.html,1,9,A Day in the Life,False,
1739906380,2025-07-05,Phish,Folsom Field,Boulder,CO,USA,2025 Summer Tour,,,1651,https://phish.net/setlists/phish-july-05-2025-folsom-field-boulder-co-usa.html,2,1,Wilson,False,
1739906380,2025-07-05,Phish,Folsom Field,Boulder,CO,USA,2025 Summer Tour,,,1651,https://phish.net/setlists/phish-july-05-2025-folsom-field-boulder-co-usa.html,2,2,Fuego,False,
1739906380,2025-07-05,Phish,Folsom Field,Boulder,CO,USA,2025 Summer Tour,,,1651,https://phish.net/setlists/phish-july-05-2025-folsom-field-boulder-co-usa.html,2,3,My Friend,False,
1739906380,2025-07-05,Phish,Folsom Field,Boulder,CO,USA,2025 Summer Tour,,,1651,https://phish.net/setlists/phish-july-05-2025-folsom-field-boulder-co-usa.html,2,4,My Friend,False,
1739906380,2025-07-05,Phish,Folsom Field,Boulder,CO,USA,2025 Summer Tour,,,1651,https://phish.net/setlists/phish-july-05-2025-folsom-field-boulder-co-usa.html,2,5,Fuego,False,
1739906380,2025-07-05,Phish,Folsom Field,Boulder,CO,USA,2025 Summer Tour,,,1651,https://phish.net/setlists/phish-july-05-2025-folsom-field-boulder-co-usa.html,2,6,Crosseyed and Painless,False,
1739906380,2025-07-05,Phish,Folsom Field,Boulder,CO,USA,2025 Summer Tour,,,1651,https://phish.net/setlists/phish-july-05-2025-folsom-field-boulder-co-usa.html,2,7,Everything's Right,False,
1739906380,2025-07-05,Phish,Folsom Field,Boulder,CO,USA,2025 Summer Tour,,,1651,https://phish.net/setlists/phish-july-05-2025-folsom-field-boulder-co-usa.html,2,8,More,False,
1739906380,2025-07-05,Phish,Folsom Field,Boulder,CO,USA,2025 Summer Tour,,,1651,https://phish.net/setlists/phish-july-05-2025-folsom-field-boulder-co-usa.html,2,9,Slave to the Traffic Light,False,
1739906380,2025-07-05,Phish,Folsom Field,Boulder,CO,USA,2025 Summer Tour,,,1651,https://phish.net/setlists/phish-july-05-2025-folsom-field-boulder-co-usa.html,e,1,Buffalo Bill,False,
1739906380,2025-07-05,Phish,Folsom Field,Boulder,CO,USA,2025 Summer Tour,,,1651,https://phish.net/setlists/phish-july-05-2025-folsom-field-boulder-co-usa.html,e,2,Harry Hood,False,
1739906489,2025-07-09,Phish,Jerome Schottenstein Center,Columbus,OH,USA,2025 Summer Tour,,,1652,https://phish.net/setlists/phish-july-09-2025-jerome-schottenstein-center-columbus-oh-usa.html,1,1,AC/DC Bag,False,
1739906489,2025-07-09,Phish,Jerome Schottenstein Center,Columbus,OH,USA,2025 Summer Tour,,,1652,https://phish.net/setlists/phish-july-09-2025-jerome-schottenstein-center-columbus-oh-usa.html,1,2,Roggae,False,
1739906489,2025-07-09,Phish,Jerome Schottenstein Center,Columbus,OH,USA,2025 Summer Tour,,,1652,https://phish.net/setlists/phish-july-09-2025-jerome-schottenstein-center-columbus-oh-usa.html,1,3,Vultures,False,
1739906489,2025-07-09,Phish,Jerome Schottenstein Center,Columbus,OH,USA,2025 Summer Tour,,,1652,https://phish.net/setlists/phish-july-09-2025-jerome-schottenstein-center-columbus-oh-usa.html,1,4,Martian Monster,False,
1739906489,2025-07-09,Phish,Jerome Schottenstein Center,Columbus,OH,USA,2025 Summer Tour,,,1652,https://phish.net/setlists/phish-july-09-2025-jerome-schottenstein-center-columbus-oh-usa.html,1,5,Mull,False,
1739906489,2025-07-09,Phish,Jerome Schottenstein Center,Columbus,OH,USA,2025 Summer Tour,,,1652,https://phish.net/setlists/phish-july-09-2025-jerome-schottenstein-center-columbus-oh-usa.html,1,6,Strawberry Letter 23,False,
1739906489,2025-07-09,Phish,Jerome Schottenstein Center,Columbus,OH,USA,2025 Summer Tour,,,1652,https://phish.net/setlists/phish-july-09-2025-jerome-schottenstein-center-columbus-oh-usa.html,1,7,Undermind,False,
1739906489,2025-07-09,Phish,Jerome Schottenstein Center,Columbus,OH,USA,2025 Summer Tour,,,1652,https://phish.net/setlists/phish-july-09-2025-jerome-schottenstein-center-columbus-oh-usa.html,1,8,Petrichor,False,
1739906489,2025-07-09,Phish,Jerome Schottenstein Center,Columbus,OH,USA,2025 Summer Tour,,,1652,https://phish.net/setlists/phish-july-09-2025-jerome-schottenstein-center-columbus-oh-usa.html,1,9,Life Saving Gun,False,
1739906489,2025-07-09,Phish,Jerome Schottenstein Center,Columbus,OH,USA,2025 Summer Tour,,,1652,https://phish.net/setlists/phish-july-09-2025-jerome-schottenstein-center-columbus-oh-usa.html,2,1,Sample in a Jar,False,
1739906489,2025-07-09,Phish,Jerome Schottenstein Center,Columbus,OH,USA,2025 Summer Tour,,,1652,https://phish.net/setlists/phish-july-09-2025-jerome-schottenstein-center-columbus-oh-usa.html,2,2,A Wave of Hope,False,
1739906489,2025-07-09,Phish,Jerome Schottenstein Center,Columbus,OH,USA,2025 Summer Tour,,,1652,https://phish.net/setlists/phish-july-09-2025-jerome-schottenstein-center-columbus-oh-usa.html,2,3,Waiting All Night,False,
1739906489,2025-07-09,Phish,Jerome Schottenstein Center,Columbus,OH,USA,2025 Summer Tour,,,1652,https://phish.net/setlists/phish-july-09-2025-jerome-schottenstein-center-columbus-oh-usa.html,2,4,Axilla (Part II),False,
1739906489,2025-07-09,Phish,Jerome Schottenstein Center,Columbus,OH,USA,2025 Summer Tour,,,1652,https://phish.net/setlists/phish-july-09-2025-jerome-schottenstein-center-columbus-oh-usa.html,2,5,Piper,False,
1739906489,2025-07-09,Phish,Jerome Schottenstein Center,Columbus,OH,USA,2025 Summer Tour,,,1652,https://phish.net/setlists/phish-july-09-2025-jerome-schottenstein-center-columbus-oh-usa.html,2,6,Lonely Trip,False,
1739906489,2025-07-09,Phish,Jerome Schottenstein Center,Columbus,OH,USA,2025 Summer Tour,,,1652,https://phish.net/setlists/phish-july-09-2025-jerome-schottenstein-center-columbus-oh-usa.html,2,7,Backwards Down the Number Line,False,
1739906489,2025-07-09,Phish,Jerome Schottenstein Center,Columbus,OH,USA,2025 Summer Tour,,,1652,https://phish.net/setlists/phish-july-09-2025-jerome-schottenstein-center-columbus-oh-usa.html,2,8,Loving Cup,False,
1739906489,2025-07-09,Phish,Jerome Schottenstein Center,Columbus,OH,USA,2025 Summer Tour,,,1652,https://phish.net/setlists/phish-july-09-2025-jerome-schottenstein-center-columbus-oh-usa.html,e,1,Bug,False,
1739906489,2025-07-09,Phish,Jerome Schottenstein Center,Columbus,OH,USA,2025 Summer Tour,,,1652,https://phish.net/setlists/phish-july-09-2025-jerome-schottenstein-center-columbus-oh-usa.html,e,2,The Mango Song,False,
1739906489,2025-07-09,Phish,Jerome Schottenstein Center,Columbus,OH,USA,2025 Summer Tour,,,1652,https://phish.net/setlists/phish-july-09-2025-jerome-schottenstein-center-columbus-oh-usa.html,e,3,Run Like an Antelope,False,
1739906512,2025-07-11,Phish,North Charleston Coliseum,North Charleston,SC,USA,2025 Summer Tour,,,698,https://phish.net/setlists/phish-july-11-2025-north-charleston-coliseum-north-charleston-sc-usa.html,1,1,Free,False,
1739906512,2025-07-11,Phish,North Charleston Coliseum,North Charleston,SC,USA,2025 Summer Tour,,,698,https://phish.net/setlists/phish-july-11-2025-north-charleston-coliseum-north-charleston-sc-usa.html,1,2,Rift,False,
1739906512,2025-07-11,Phish,North Charleston Coliseum,North Charleston,SC,USA,2025 Summer Tour,,,698,https://phish.net/setlists/phish-july-11-2025-north-charleston-coliseum-north-charleston-sc-usa.html,1,3,Spanish Moon,False,
1739906512,2025-07-11,Phish,North Charleston Coliseum,North Charleston,SC,USA,2025 Summer Tour,,,698,https://phish.net/setlists/phish-july-11-2025-north-charleston-coliseum-north-charleston-sc-usa.html,1,4,Reba,False,
1739906512,2025-07-11,Phish,North Charleston Coliseum,North Charleston,SC,USA,2025 Summer Tour,,,698,https://phish.net/setlists/phish-july-11-2025-north-charleston-coliseum-north-charleston-sc-usa.html,1,5,Devotion To a Dream,False,
1739906512,2025-07-11,Phish,North Charleston Coliseum,North Charleston,SC,USA,2025 Summer Tour,,,698,https://phish.net/setlists/phish-july-11-2025-north-charleston-coliseum-north-charleston-sc-usa.html,1,6,The Final Hurrah,False,
1739906512,2025-07-11,Phish,North Charleston Coliseum,North Charleston,SC,USA,2025 Summer Tour,,,698,https://phish.net/setlists/phish-july-11-2025-north-charleston-coliseum-north-charleston-sc-usa.html,1,7,My Mind's Got a Mind of its Own,False,
1739906512,2025-07-11,Phish,North Charleston Coliseum,North Charleston,SC,USA,2025 Summer Tour,,,698,https://phish.net/setlists/phish-july-11-2025-north-charleston-coliseum-north-charleston-sc-usa.html,1,8,Hey Stranger,False,
1739906512,2025-07-11,Phish,North Charleston Coliseum,North Charleston,SC,USA,2025 Summer Tour,,,698,https://phish.net/setlists/phish-july-11-2025-north-charleston-coliseum-north-charleston-sc-usa.html,1,9,Taste,False,
1739906512,2025-07-11,Phish,North Charleston Coliseum,North Charleston,SC,USA,2025 Summer Tour,,,698,https://phish.net/setlists/phish-july-11-2025-north-charleston-coliseum-north-charleston-sc-usa.html,1,10,Walls of the Cave,False,
1739906512,2025-07-11,Phish,North Charleston Coliseum,North Charleston,SC,USA,2025 Summer Tour,,,698,https://phish.net/setlists/phish-july-11-2025-north-charleston-coliseum-north-charleston-sc-usa.html,2,1,Llama,False,
1739906512,2025-07-11,Phish,North Charleston Coliseum,North Charleston,SC,USA,2025 Summer Tour,,,698,https://phish.net/setlists/phish-july-11-2025-north-charleston-coliseum-north-charleston-sc-usa.html,2,2,Down with Disease,False,
1739906512,2025-07-11,Phish,North Charleston Coliseum,North Charleston,SC,USA,2025 Summer Tour,,,698,https://phish.net/setlists/phish-july-11-2025-north-charleston-coliseum-north-charleston-sc-usa.html,2,3,Twist,False,
1739906512,2025-07-11,Phish,North Charleston Coliseum,North Charleston,SC,USA,2025 Summer Tour,,,698,https://phish.net/setlists/phish-july-11-2025-north-charleston-coliseum-north-charleston-sc-usa.html,2,4,The Well,False,
1739906512,2025-07-11,Phish,North Charleston Coliseum,North Charleston,SC,USA,2025 Summer Tour,,,698,https://phish.net/setlists/phish-july-11-2025-north-charleston-coliseum-north-charleston-sc-usa.html,2,5,Sightless Escape,False,
1739906512,2025-07-11,Phish,North Charleston Coliseum,North Charleston,SC,USA,2025 Summer Tour,,,698,https://phish.net/setlists/phish-july-11-2025-north-charleston-coliseum-north-charleston-sc-usa.html,2,6,Chalk Dust Torture,False,
1739906512,2025-07-11,Phish,North Charleston Coliseum,North Charleston,SC,USA,2025 Summer Tour,,,698,https://phish.net/setlists/phish-july-11-2025-north-charleston-coliseum-north-charleston-sc-usa.html,2,7,Suzy Greenberg,False,
1739906512,2025-07-11,Phish,North Charleston Coliseum,North Charleston,SC,USA,2025 Summer Tour,,,698,https://phish.net/setlists/phish-july-11-2025-north-charleston-coliseum-north-charleston-sc-usa.html,e,1,When the Circus Comes,False,
1739906512,2025-07-11,Phish,North Charleston Coliseum,North Charleston,SC,USA,2025 Summer Tour,,,698,https://phish.net/setlists/phish-july-11-2025-north-charleston-coliseum-north-charleston-sc-usa.html,e,2,First Tube,False,
1739906539,2025-07-12,Phish,North Charleston Coliseum,North Charleston,SC,USA,2025 Summer Tour,,,698,https://phish.net/setlists/phish-july-12-2025-north-charleston-coliseum-north-charleston-sc-usa.html,1,1,The Moma Dance,False,
1739906539,2025-07-12,Phish,North Charleston Coliseum,North Charleston,SC,USA,2025 Summer Tour,,,698,https://phish.net/setlists/phish-july-12-2025-north-charleston-coliseum-north-charleston-sc-usa.html,1,2,NICU,False,
1739906539,2025-07-12,Phish,North Charleston Coliseum,North Charleston,SC,USA,2025 Summer Tour,,,698,https://phish.net/setlists/phish-july-12-2025-north-charleston-coliseum-north-charleston-sc-usa.html,1,3,Jesus Just Left Chicago,False,
1739906539,2025-07-12,Phish,North Charleston Coliseum,North Charleston,SC,USA,2025 Summer Tour,,,698,https://phish.net/setlists/phish-july-12-2025-north-charleston-coliseum-north-charleston-sc-usa.html,1,4,Divided Sky,False,
1739906539,2025-07-12,Phish,North Charleston Coliseum,North Charleston,SC,USA,2025 Summer Tour,,,698,https://phish.net/setlists/phish-july-12-2025-north-charleston-coliseum-north-charleston-sc-usa.html,1,5,Destiny Unbound,False,
1739906539,2025-07-12,Phish,North Charleston Coliseum,North Charleston,SC,USA,2025 Summer Tour,,,698,https://phish.net/setlists/phish-july-12-2025-north-charleston-coliseum-north-charleston-sc-usa.html,1,6,Monsters,False,
1739906539,2025-07-12,Phish,North Charleston Coliseum,North Charleston,SC,USA,2025 Summer Tour,,,698,https://phish.net/setlists/phish-july-12-2025-north-charleston-coliseum-north-charleston-sc-usa.html,1,7,Plasma,False,
1739906539,2025-07-12,Phish,North Charleston Coliseum,North Charleston,SC,USA,2025 Summer Tour,,,698,https://phish.net/setlists/phish-july-12-2025-north-charleston-coliseum-north-charleston-sc-usa.html,1,8,Bathtub Gin,False,
1739906539,2025-07-12,Phish,North Charleston Coliseum,North Charleston,SC,USA,2025 Summer Tour,,,698,https://phish.net/setlists/phish-july-12-2025-north-charleston-coliseum-north-charleston-sc-usa.html,2,1,Mike's Song,False,
1739906539,2025-07-12,Phish,North Charleston Coliseum,North Charleston,SC,USA,2025 Summer Tour,,,698,https://phish.net/setlists/phish-july-12-2025-north-charleston-coliseum-north-charleston-sc-usa.html,2,2,I Am Hydrogen,False,
1739906539,2025-07-12,Phish,North Charleston Coliseum,North Charleston,SC,USA,2025 Summer Tour,,,698,https://phish.net/setlists/phish-july-12-2025-north-charleston-coliseum-north-charleston-sc-usa.html,2,3,Weekapaug Groove,False,
1739906539,2025-07-12,Phish,North Charleston Coliseum,North Charleston,SC,USA,2025 Summer Tour,,,698,https://phish.net/setlists/phish-july-12-2025-north-charleston-coliseum-north-charleston-sc-usa.html,2,4,Mercury,False,
1739906539,2025-07-12,Phish,North Charleston Coliseum,North Charleston,SC,USA,2025 Summer Tour,,,698,https://phish.net/setlists/phish-july-12-2025-north-charleston-coliseum-north-charleston-sc-usa.html,2,5,Soul Planet,False,
1739906539,2025-07-12,Phish,North Charleston Coliseum,North Charleston,SC,USA,2025 Summer Tour,,,698,https://phish.net/setlists/phish-july-12-2025-north-charleston-coliseum-north-charleston-sc-usa.html,2,6,Joy,False,
1739906539,2025-07-12,Phish,North Charleston Coliseum,North Charleston,SC,USA,2025 Summer Tour,,,698,https://phish.net/setlists/phish-july-12-2025-north-charleston-coliseum-north-charleston-sc-usa.html,2,7,Harry Hood,False,
1739906539,2025-07-12,Phish,North Charleston Coliseum,North Charleston,SC,USA,2025 Summer Tour,,,698,https://phish.net/setlists/phish-july-12-2025-north-charleston-coliseum-north-charleston-sc-usa.html,2,8,I Am the Walrus,False,
1739906539,2025-07-12,Phish,North Charleston Coliseum,North Charleston,SC,USA,2025 Summer Tour,,,698,https://phish.net/setlists/phish-july-12-2025-north-charleston-coliseum-north-charleston-sc-usa.html,e,1,Carolina,False,
1739906539,2025-07-12,Phish,North Charleston Coliseum,North Charleston,SC,USA,2025 Summer Tour,,,698,https://phish.net/setlists/phish-july-12-2025-north-charleston-coliseum-north-charleston-sc-usa.html,e,2,Say It To Me S.A.N.T.O.S.,False,
1739906558,2025-07-13,Phish,North Charleston Coliseum,North Charleston,SC,USA,2025 Summer Tour,,,698,https://phish.net/setlists/phish-july-13-2025-north-charleston-coliseum-north-charleston-sc-usa.html,,0,,False,
1739906591,2025-07-15,Phish,TD Pavilion at the Mann,Philadelphia,PA,USA,2025 Summer Tour,,,1546,https://phish.net/setlists/phish-july-15-2025-td-pavilion-at-the-mann-philadelphia-pa-usa.html,,0,,False,
1739906636,2025-07-16,Phish,TD Pavilion at the Mann,Philadelphia,PA,USA,2025 Summer Tour,,,1546,https://phish.net/setlists/phish-july-16-2025-td-pavilion-at-the-mann-philadelphia-pa-usa.html,,0,,False,
1739906659,2025-07-18,Phish,United Center,Chicago,IL,USA,2025 Summer Tour,,,1587,https://phish.net/setlists/phish-july-18-2025-united-center-chicago-il-usa.html,,0,,False,
1739906688,2025-07-19,Phish,United Center,Chicago,IL,USA,2025 Summer Tour,,,1587,https://phish.net/setlists/phish-july-19-2025-united-center-chicago-il-usa.html,,0,,False,
1739906713,2025-07-20,Phish,United Center,Chicago,IL,USA,2025 Summer Tour,,,1587,https://phish.net/setlists/phish-july-20-2025-united-center-chicago-il-usa.html,,0,,False,
1739906763,2025-07-22,Phish,Forest Hills Stadium,Forest Hills,NY,USA,2025 Summer Tour,,,1653,https://phish.net/setlists/phish-july-22-2025-forest-hills-stadium-forest-hills-ny-usa.html,,0,,False,
1739906798,2025-07-23,Phish,Forest Hills Stadium,Forest Hills,NY,USA,2025 Summer Tour,,,1653,https://phish.net/setlists/phish-july-23-2025-forest-hills-stadium-forest-hills-ny-usa.html,,0,,False,
1739906822,2025-07-25,Phish,Broadview Stage at SPAC,Saratoga Springs,NY,USA,2025 Summer Tour,,,1588,https://phish.net/setlists/phish-july-25-2025-broadview-stage-at-spac-saratoga-springs-ny-usa.html,,0,,False,
1739906842,2025-07-26,Phish,Broadview Stage at SPAC,Saratoga Springs,NY,USA,2025 Summer Tour,,,1588,https://phish.net/setlists/phish-july-26-2025-broadview-stage-at-spac-saratoga-springs-ny-usa.html,,0,,False,
1739906861,2025-07-27,Phish,Broadview Stage at SPAC,Saratoga Springs,NY,USA,2025 Summer Tour,,,1588,https://phish.net/setlists/phish-july-27-2025-broadview-stage-at-spac-saratoga-springs-ny-usa.html,,0,,False,
1738775047,2025-09-12,Phish,Highland Festival Grounds at Kentucky Expo Center,Louisville,KY,USA,2025 Summer Tour,,,1470,https://phish.net/setlists/phish-september-12-2025-highland-festival-grounds-at-kentucky-expo-center-louisville-ky-usa.html,,0,,False,
1748974713,2025-09-13,Phish,Coca-Cola Amphitheater,Birmingham,AL,USA,2025 Summer Tour,,,1657,https://phish.net/setlists/phish-september-13-2025-coca-cola-amphitheater-birmingham-al-usa.html,,0,,False,
1748974739,2025-09-14,Phish,Coca-Cola Amphitheater,Birmingham,AL,USA,2025 Summer Tour,,,1657,https://phish.net/setlists/phish-september-14-2025-coca-cola-amphitheater-birmingham-al-usa.html,,0,,False,
1748974769,2025-09-16,Phish,Ameris Bank Amphitheatre,Alpharetta,GA,USA,2025 Summer Tour,,,1517,https://phish.net/setlists/phish-september-16-2025-ameris-bank-amphitheatre-alpharetta-ga-usa.html,,0,,False,
1748974795,2025-09-17,Phish,Ameris Bank Amphitheatre,Alpharetta,GA,USA,2025 Summer Tour,,,1517,https://phish.net/setlists/phish-september-17-2025-ameris-bank-amphitheatre-alpharetta-ga-usa.html,,0,,False,
1748974821,2025-09-19,Phish,Hampton Coliseum,Hampton,VA,USA,2025 Summer Tour,,,6,https://phish.net/setlists/phish-september-19-2025-hampton-coliseum-hampton-va-usa.html,,0,,False,
1748974843,2025-09-20,Phish,Hampton Coliseum,Hampton,VA,USA,2025 Summer Tour,,,6,https://phish.net/setlists/phish-september-20-2025-hampton-coliseum-hampton-va-usa.html,,0,,False,
1748974866,2025-09-21,Phish,Hampton Coliseum,Hampton,VA,USA,2025 Summer Tour,,,6,https://phish.net/setlists/phish-september-21-2025-hampton-coliseum-hampton-va-usa.html,,0,,False,
